612,SECUNDARIO COMPLETO,NO,INTRODUCCION A JAVA,21599
613,SECUNDARIO COMPLETO,NO,INTRODUCCION A JAVA,21599
614,SECUNDARIO COMPLETO,SI,INTRODUCCION A JAVA,21599
615,UNIVERSITARIO INCOMPLETO,NO,INTRODUCCION A JAVA,21599
616,UNIVERSITARIO INCOMPLETO,SI,INTRODUCCION A JAVA,21599
617,SECUNDARIO COMPLETO,NO,INTRODUCCION A JAVA,21599
618,SECUNDARIO COMPLETO,NO,INTRODUCCION A JAVA,21599
619,SECUNDARIO COMPLETO,NO,INTRODUCCION A JAVA,21599
620,SECUNDARIO COMPLETO,SI,INTRODUCCION A JAVA,21599
621,UNIVERSITARIO COMPLETO,SI,INTRODUCCION A JAVA,21599
622,SECUNDARIO COMPLETO,NO,INTRODUCCION A JAVA,21599
1129,SECUNDARIO COMPLETO,NO,INTRODUCCION A JAVA,21599
1132,SECUNDARIO INCOMPLETO,NO,INTRODUCCION A JAVA,21599
1152,TERCIARIO COMPLETO,NO,INTRODUCCION A JAVA,21599
1157,TERCIARIO COMPLETO,SI,INTRODUCCION A JAVA,21599
1162,UNIVERSITARIO COMPLETO,SI,INTRODUCCION A JAVA,21599
1171,TERCIARIO INCOMPLETO,SI,INTRODUCCION A JAVA,21599
1174,TERCIARIO COMPLETO,NO,INTRODUCCION A JAVA,21599
1175,UNIVERSITARIO COMPLETO,NO,INTRODUCCION A JAVA,21599
1176,TERCIARIO COMPLETO,SI,INTRODUCCION A JAVA,21599
1181,S/D,S/D,INTRODUCCION A JAVA,21599
1186,SECUNDARIO COMPLETO,SI,INTRODUCCION A JAVA,21599
1188,TERCIARIO COMPLETO,SI,INTRODUCCION A JAVA,21599
1189,SECUNDARIO COMPLETO,SI,INTRODUCCION A JAVA,21599
1194,TERCIARIO INCOMPLETO,SI,INTRODUCCION A JAVA,21599
1199,UNIVERSITARIO INCOMPLETO,NO,INTRODUCCION A JAVA,21599
1200,UNIVERSITARIO INCOMPLETO,NO,INTRODUCCION A JAVA,21599
1202,TERCIARIO COMPLETO,SI,INTRODUCCION A JAVA,21599
1210,UNIVERSITARIO COMPLETO,SI,INTRODUCCION A JAVA,21599
1213,S/D,SI,INTRODUCCION A JAVA,21599
1217,UNIVERSITARIO INCOMPLETO,NO,INTRODUCCION A JAVA,21599
1220,UNIVERSITARIO INCOMPLETO,SI,INTRODUCCION A JAVA,21599
1221,SECUNDARIO COMPLETO,SI,INTRODUCCION A JAVA,21599
1229,UNIVERSITARIO INCOMPLETO,NO,INTRODUCCION A JAVA,21599
1234,UNIVERSITARIO INCOMPLETO,SI,INTRODUCCION A JAVA,21599
1252,SECUNDARIO COMPLETO,SI,INTRODUCCION A JAVA,21599
1254,TERCIARIO INCOMPLETO,SI,INTRODUCCION A JAVA,21599
1262,SECUNDARIO COMPLETO,SI,INTRODUCCION A JAVA,21599
1266,UNIVERSITARIO INCOMPLETO,NO,INTRODUCCION A JAVA,21599
1275,UNIVERSITARIO COMPLETO,SI,INTRODUCCION A JAVA,21599
1291,TERCIARIO INCOMPLETO,SI,INTRODUCCION A JAVA,21599
1295,TERCIARIO INCOMPLETO,NO,INTRODUCCION A JAVA,21599
1322,UNIVERSITARIO INCOMPLETO,NO,INTRODUCCION A JAVA,21599
1344,UNIVERSITARIO COMPLETO,SI,INTRODUCCION A JAVA,21599
1371,UNIVERSITARIO INCOMPLETO,NO,INTRODUCCION A JAVA,21599
1374,SECUNDARIO COMPLETO,SI,INTRODUCCION A JAVA,21599
1390,UNIVERSITARIO INCOMPLETO,SI,INTRODUCCION A JAVA,21599
1408,UNIVERSITARIO INCOMPLETO,NO,INTRODUCCION A JAVA,21599
1413,SECUNDARIO COMPLETO,SI,INTRODUCCION A JAVA,21599
1425,UNIVERSITARIO INCOMPLETO,NO,INTRODUCCION A JAVA,21599
1438,UNIVERSITARIO INCOMPLETO,NO,INTRODUCCION A JAVA,21599
1473,UNIVERSITARIO INCOMPLETO,SI,INTRODUCCION A JAVA,21599
1489,TERCIARIO INCOMPLETO,SI,INTRODUCCION A JAVA,21599
1495,SECUNDARIO INCOMPLETO,SI,INTRODUCCION A JAVA,21599
1497,SECUNDARIO INCOMPLETO,NO,INTRODUCCION A JAVA,21599
1502,SECUNDARIO INCOMPLETO,NO,INTRODUCCION A JAVA,21599
1508,SECUNDARIO COMPLETO,NO,INTRODUCCION A JAVA,21599
1510,SECUNDARIO COMPLETO,SI,INTRODUCCION A JAVA,21599
1525,UNIVERSITARIO INCOMPLETO,SI,INTRODUCCION A JAVA,21599
1531,SECUNDARIO COMPLETO,NO,INTRODUCCION A JAVA,21599
1535,SECUNDARIO COMPLETO,NO,INTRODUCCION A JAVA,21599
1536,UNIVERSITARIO INCOMPLETO,SI,INTRODUCCION A JAVA,21599
1539,UNIVERSITARIO INCOMPLETO,SI,INTRODUCCION A JAVA,21599
1540,SECUNDARIO COMPLETO,SI,INTRODUCCION A JAVA,21599
1569,UNIVERSITARIO INCOMPLETO,NO,INTRODUCCION A JAVA,21599
1575,TERCIARIO COMPLETO,NO,INTRODUCCION A JAVA,21599
1580,UNIVERSITARIO INCOMPLETO,NO,INTRODUCCION A JAVA,21599
1581,UNIVERSITARIO INCOMPLETO,NO,INTRODUCCION A JAVA,21599
1583,UNIVERSITARIO INCOMPLETO,SI,INTRODUCCION A JAVA,21599
1588,SECUNDARIO COMPLETO,NO,INTRODUCCION A JAVA,21599
1591,SECUNDARIO COMPLETO,NO,INTRODUCCION A JAVA,21599
1593,UNIVERSITARIO INCOMPLETO,NO,INTRODUCCION A JAVA,21599
1618,UNIVERSITARIO COMPLETO,SI,INTRODUCCION A JAVA,21599
1622,UNIVERSITARIO INCOMPLETO,NO,INTRODUCCION A JAVA,21599
1624,UNIVERSITARIO,SI,INTRODUCCION A JAVA,21599
590,UNIVERSITARIO COMPLETO,NO,INTRODUCCION A JAVA,21630
591,UNIVERSITARIO COMPLETO,SI,INTRODUCCION A JAVA,21630
592,S/D,S/D,INTRODUCCION A JAVA,21630
593,SECUNDARIO COMPLETO,SI,INTRODUCCION A JAVA,21630
594,TERCIARIO INCOMPLETO,NO,INTRODUCCION A JAVA,21630
595,TERCIARIO COMPLETO,SI,INTRODUCCION A JAVA,21630
596,SECUNDARIO COMPLETO,SI,INTRODUCCION A JAVA,21630
597,UNIVERSITARIO INCOMPLETO,SI,INTRODUCCION A JAVA,21630
598,UNIVERSITARIO COMPLETO,SI,INTRODUCCION A JAVA,21630
599,SECUNDARIO COMPLETO,NO,INTRODUCCION A JAVA,21630
600,UNIVERSITARIO COMPLETO,SI,INTRODUCCION A JAVA,21630
601,UNIVERSITARIO COMPLETO,SI,INTRODUCCION A JAVA,21630
602,SECUNDARIO COMPLETO,NO,INTRODUCCION A JAVA,21630
603,SECUNDARIO COMPLETO,SI,INTRODUCCION A JAVA,21630
604,UNIVERSITARIO COMPLETO,SI,INTRODUCCION A JAVA,21630
605,SECUNDARIO COMPLETO,NO,INTRODUCCION A JAVA,21630
606,SECUNDARIO COMPLETO,SI,INTRODUCCION A JAVA,21630
607,UNIVERSITARIO INCOMPLETO,NO,INTRODUCCION A JAVA,21630
608,SECUNDARIO COMPLETO,NO,INTRODUCCION A JAVA,21630
609,SECUNDARIO COMPLETO,SI,INTRODUCCION A JAVA,21630
610,SECUNDARIO COMPLETO,NO,INTRODUCCION A JAVA,21630
611,UNIVERSITARIO COMPLETO,SI,INTRODUCCION A JAVA,21630
1130,UNIVERSITARIO INCOMPLETO,NO,INTRODUCCION A JAVA,21630
1151,SECUNDARIO COMPLETO,SI,INTRODUCCION A JAVA,21630
1235,UNIVERSITARIO INCOMPLETO,SI,INTRODUCCION A JAVA,21630
1243,UNIVERSITARIO INCOMPLETO,NO,INTRODUCCION A JAVA,21630
1249,TERCIARIO COMPLETO,SI,INTRODUCCION A JAVA,21630
1259,SECUNDARIO COMPLETO,NO,INTRODUCCION A JAVA,21630
1277,SECUNDARIO COMPLETO,SI,INTRODUCCION A JAVA,21630
1300,TERCIARIO COMPLETO,SI,INTRODUCCION A JAVA,21630
1315,TERCIARIO INCOMPLETO,SI,INTRODUCCION A JAVA,21630
1326,UNIVERSITARIO INCOMPLETO,NO,INTRODUCCION A JAVA,21630
1330,UNIVERSITARIO INCOMPLETO,SI,INTRODUCCION A JAVA,21630
1334,UNIVERSITARIO COMPLETO,SI,INTRODUCCION A JAVA,21630
1346,UNIVERSITARIO INCOMPLETO,SI,INTRODUCCION A JAVA,21630
1351,SECUNDARIO COMPLETO,NO,INTRODUCCION A JAVA,21630
1357,TERCIARIO INCOMPLETO,NO,INTRODUCCION A JAVA,21630
1382,UNIVERSITARIO INCOMPLETO,NO,INTRODUCCION A JAVA,21630
1385,SECUNDARIO COMPLETO,SI,INTRODUCCION A JAVA,21630
1388,SECUNDARIO COMPLETO,NO,INTRODUCCION A JAVA,21630
1391,UNIVERSITARIO INCOMPLETO,NO,INTRODUCCION A JAVA,21630
1398,UNIVERSITARIO INCOMPLETO,NO,INTRODUCCION A JAVA,21630
1402,UNIVERSITARIO INCOMPLETO,NO,INTRODUCCION A JAVA,21630
1403,SECUNDARIO COMPLETO,SI,INTRODUCCION A JAVA,21630
1414,UNIVERSITARIO INCOMPLETO,SI,INTRODUCCION A JAVA,21630
1422,SECUNDARIO COMPLETO,SI,INTRODUCCION A JAVA,21630
1426,UNIVERSITARIO INCOMPLETO,SI,INTRODUCCION A JAVA,21630
1428,UNIVERSITARIO INCOMPLETO,NO,INTRODUCCION A JAVA,21630
1430,UNIVERSITARIO INCOMPLETO,SI,INTRODUCCION A JAVA,21630
1436,UNIVERSITARIO COMPLETO,SI,INTRODUCCION A JAVA,21630
1442,UNIVERSITARIO INCOMPLETO,SI,INTRODUCCION A JAVA,21630
1444,UNIVERSITARIO INCOMPLETO,SI,INTRODUCCION A JAVA,21630
1447,UNIVERSITARIO INCOMPLETO,NO,INTRODUCCION A JAVA,21630
1454,UNIVERSITARIO INCOMPLETO,NO,INTRODUCCION A JAVA,21630
1457,UNIVERSITARIO INCOMPLETO,SI,INTRODUCCION A JAVA,21630
1459,UNIVERSITARIO COMPLETO,SI,INTRODUCCION A JAVA,21630
1464,SECUNDARIO COMPLETO,SI,INTRODUCCION A JAVA,21630
1480,UNIVERSITARIO INCOMPLETO,SI,INTRODUCCION A JAVA,21630
1488,UNIVERSITARIO INCOMPLETO,SI,INTRODUCCION A JAVA,21630
1492,UNIVERSITARIO INCOMPLETO,SI,INTRODUCCION A JAVA,21630
1494,SECUNDARIO COMPLETO,SI,INTRODUCCION A JAVA,21630
1496,UNIVERSITARIO INCOMPLETO,SI,INTRODUCCION A JAVA,21630
1499,UNIVERSITARIO INCOMPLETO,SI,INTRODUCCION A JAVA,21630
1504,UNIVERSITARIO INCOMPLETO,NO,INTRODUCCION A JAVA,21630
1512,SECUNDARIO COMPLETO,NO,INTRODUCCION A JAVA,21630
1520,UNIVERSITARIO INCOMPLETO,NO,INTRODUCCION A JAVA,21630
1529,UNIVERSITARIO INCOMPLETO,NO,INTRODUCCION A JAVA,21630
1534,UNIVERSITARIO INCOMPLETO,NO,INTRODUCCION A JAVA,21630
1544,TERCIARIO INCOMPLETO,NO,INTRODUCCION A JAVA,21630
1550,SECUNDARIO COMPLETO,SI,INTRODUCCION A JAVA,21630
1554,SECUNDARIO COMPLETO,NO,INTRODUCCION A JAVA,21630
1556,SECUNDARIO COMPLETO,NO,INTRODUCCION A JAVA,21630
1562,SECUNDARIO COMPLETO,NO,INTRODUCCION A JAVA,21630
1566,UNIVERSITARIO INCOMPLETO,NO,INTRODUCCION A JAVA,21630
1568,SECUNDARIO COMPLETO,NO,INTRODUCCION A JAVA,21630
1577,SECUNDARIO COMPLETO,SI,INTRODUCCION A JAVA,21630
1578,SECUNDARIO COMPLETO,NO,INTRODUCCION A JAVA,21630
1586,SECUNDARIO COMPLETO,NO,INTRODUCCION A JAVA,21630
1606,SECUNDARIO COMPLETO,NO,INTRODUCCION A JAVA,21630
1607,SECUNDARIO COMPLETO,SI,INTRODUCCION A JAVA,21630
1614,UNIVERSITARIO INCOMPLETO,SI,INTRODUCCION A JAVA,21630
1623,Otro,NO,INTRODUCCION A JAVA,21630
575,UNIVERSITARIO COMPLETO,NO,INTRODUCCION A JAVA,21631
576,UNIVERSITARIO INCOMPLETO,NO,INTRODUCCION A JAVA,21631
577,UNIVERSITARIO INCOMPLETO,SI,INTRODUCCION A JAVA,21631
578,SECUNDARIO COMPLETO,SI,INTRODUCCION A JAVA,21631
579,SECUNDARIO COMPLETO,SI,INTRODUCCION A JAVA,21631
580,SECUNDARIO COMPLETO,SI,INTRODUCCION A JAVA,21631
581,SECUNDARIO COMPLETO,SI,INTRODUCCION A JAVA,21631
582,UNIVERSITARIO INCOMPLETO,NO,INTRODUCCION A JAVA,21631
583,TERCIARIO COMPLETO,SI,INTRODUCCION A JAVA,21631
584,TERCIARIO INCOMPLETO,NO,INTRODUCCION A JAVA,21631
585,TERCIARIO COMPLETO,SI,INTRODUCCION A JAVA,21631
586,TERCIARIO INCOMPLETO,SI,INTRODUCCION A JAVA,21631
587,SECUNDARIO COMPLETO,SI,INTRODUCCION A JAVA,21631
588,UNIVERSITARIO INCOMPLETO,SI,INTRODUCCION A JAVA,21631
589,SECUNDARIO COMPLETO,NO,INTRODUCCION A JAVA,21631
1135,TERCIARIO COMPLETO,NO,INTRODUCCION A JAVA,21631
1139,UNIVERSITARIO COMPLETO,SI,INTRODUCCION A JAVA,21631
1142,UNIVERSITARIO COMPLETO,SI,INTRODUCCION A JAVA,21631
1146,SECUNDARIO COMPLETO,NO,INTRODUCCION A JAVA,21631
1147,TERCIARIO COMPLETO,NO,INTRODUCCION A JAVA,21631
1153,UNIVERSITARIO INCOMPLETO,SI,INTRODUCCION A JAVA,21631
1160,UNIVERSITARIO COMPLETO,NO,INTRODUCCION A JAVA,21631
1169,S/D,S/D,INTRODUCCION A JAVA,21631
1183,UNIVERSITARIO INCOMPLETO,SI,INTRODUCCION A JAVA,21631
1185,UNIVERSITARIO COMPLETO,SI,INTRODUCCION A JAVA,21631
1187,SECUNDARIO COMPLETO,SI,INTRODUCCION A JAVA,21631
1206,TERCIARIO INCOMPLETO,NO,INTRODUCCION A JAVA,21631
1209,SECUNDARIO COMPLETO,SI,INTRODUCCION A JAVA,21631
1224,S/D,S/D,INTRODUCCION A JAVA,21631
1236,S/D,S/D,INTRODUCCION A JAVA,21631
1241,SECUNDARIO COMPLETO,NO,INTRODUCCION A JAVA,21631
1257,SECUNDARIO COMPLETO,SI,INTRODUCCION A JAVA,21631
1267,S/D,SI,INTRODUCCION A JAVA,21631
1271,UNIVERSITARIO INCOMPLETO,SI,INTRODUCCION A JAVA,21631
1273,TERCIARIO COMPLETO,SI,INTRODUCCION A JAVA,21631
1278,UNIVERSITARIO INCOMPLETO,NO,INTRODUCCION A JAVA,21631
1280,TERCIARIO COMPLETO,SI,INTRODUCCION A JAVA,21631
1282,TERCIARIO COMPLETO,SI,INTRODUCCION A JAVA,21631
1299,UNIVERSITARIO INCOMPLETO,NO,INTRODUCCION A JAVA,21631
1302,UNIVERSITARIO COMPLETO,SI,INTRODUCCION A JAVA,21631
1306,UNIVERSITARIO INCOMPLETO,SI,INTRODUCCION A JAVA,21631
1313,UNIVERSITARIO INCOMPLETO,SI,INTRODUCCION A JAVA,21631
1317,UNIVERSITARIO INCOMPLETO,NO,INTRODUCCION A JAVA,21631
1325,SECUNDARIO COMPLETO,NO,INTRODUCCION A JAVA,21631
1329,TERCIARIO INCOMPLETO,NO,INTRODUCCION A JAVA,21631
1335,SECUNDARIO COMPLETO,SI,INTRODUCCION A JAVA,21631
1338,SECUNDARIO COMPLETO,SI,INTRODUCCION A JAVA,21631
1339,SECUNDARIO INCOMPLETO,SI,INTRODUCCION A JAVA,21631
1340,UNIVERSITARIO COMPLETO,NO,INTRODUCCION A JAVA,21631
1342,TERCIARIO COMPLETO,SI,INTRODUCCION A JAVA,21631
1359,TERCIARIO COMPLETO,SI,INTRODUCCION A JAVA,21631
1362,UNIVERSITARIO COMPLETO,SI,INTRODUCCION A JAVA,21631
1369,UNIVERSITARIO INCOMPLETO,NO,INTRODUCCION A JAVA,21631
1379,UNIVERSITARIO INCOMPLETO,NO,INTRODUCCION A JAVA,21631
1395,UNIVERSITARIO INCOMPLETO,NO,INTRODUCCION A JAVA,21631
1405,UNIVERSITARIO COMPLETO,SI,INTRODUCCION A JAVA,21631
1412,UNIVERSITARIO INCOMPLETO,NO,INTRODUCCION A JAVA,21631
1420,UNIVERSITARIO INCOMPLETO,SI,INTRODUCCION A JAVA,21631
1434,UNIVERSITARIO INCOMPLETO,NO,INTRODUCCION A JAVA,21631
1445,SECUNDARIO COMPLETO,SI,INTRODUCCION A JAVA,21631
1467,UNIVERSITARIO INCOMPLETO,SI,INTRODUCCION A JAVA,21631
1470,UNIVERSITARIO INCOMPLETO,NO,INTRODUCCION A JAVA,21631
1474,SECUNDARIO COMPLETO,NO,INTRODUCCION A JAVA,21631
1475,UNIVERSITARIO INCOMPLETO,SI,INTRODUCCION A JAVA,21631
1477,UNIVERSITARIO INCOMPLETO,SI,INTRODUCCION A JAVA,21631
1481,UNIVERSITARIO COMPLETO,SI,INTRODUCCION A JAVA,21631
1516,UNIVERSITARIO INCOMPLETO,SI,INTRODUCCION A JAVA,21631
1518,UNIVERSITARIO INCOMPLETO,NO,INTRODUCCION A JAVA,21631
1519,UNIVERSITARIO INCOMPLETO,SI,INTRODUCCION A JAVA,21631
1523,S/D,S/D,INTRODUCCION A JAVA,21631
1524,UNIVERSITARIO INCOMPLETO,SI,INTRODUCCION A JAVA,21631
1530,S/D,S/D,INTRODUCCION A JAVA,21631
1532,SECUNDARIO COMPLETO,NO,INTRODUCCION A JAVA,21631
1537,TERCIARIO INCOMPLETO,NO,INTRODUCCION A JAVA,21631
1538,TERCIARIO COMPLETO,SI,INTRODUCCION A JAVA,21631
1552,SECUNDARIO COMPLETO,NO,INTRODUCCION A JAVA,21631
1571,UNIVERSITARIO INCOMPLETO,NO,INTRODUCCION A JAVA,21631
1596,SECUNDARIO INCOMPLETO,NO,INTRODUCCION A JAVA,21631
1602,SECUNDARIO INCOMPLETO,NO,INTRODUCCION A JAVA,21631
1604,SECUNDARIO COMPLETO,NO,INTRODUCCION A JAVA,21631
1608,SECUNDARIO COMPLETO,NO,INTRODUCCION A JAVA,21631
1621,UNIVERSITARIO INCOMPLETO,SI,INTRODUCCION A JAVA,21631
561,TERCIARIO INCOMPLETO,SI,INTRODUCCION A JAVA,21632
562,UNIVERSITARIO INCOMPLETO,SI,INTRODUCCION A JAVA,21632
563,UNIVERSITARIO COMPLETO,SI,INTRODUCCION A JAVA,21632
564,SECUNDARIO COMPLETO,SI,INTRODUCCION A JAVA,21632
565,SECUNDARIO COMPLETO,SI,INTRODUCCION A JAVA,21632
566,SECUNDARIO COMPLETO,SI,INTRODUCCION A JAVA,21632
567,UNIVERSITARIO INCOMPLETO,NO,INTRODUCCION A JAVA,21632
568,SECUNDARIO COMPLETO,NO,INTRODUCCION A JAVA,21632
569,SECUNDARIO COMPLETO,SI,INTRODUCCION A JAVA,21632
570,SECUNDARIO COMPLETO,NO,INTRODUCCION A JAVA,21632
571,SECUNDARIO COMPLETO,SI,INTRODUCCION A JAVA,21632
572,UNIVERSITARIO INCOMPLETO,NO,INTRODUCCION A JAVA,21632
573,TERCIARIO INCOMPLETO,NO,INTRODUCCION A JAVA,21632
574,TERCIARIO COMPLETO,NO,INTRODUCCION A JAVA,21632
1133,TERCIARIO INCOMPLETO,SI,INTRODUCCION A JAVA,21632
1134,UNIVERSITARIO COMPLETO,SI,INTRODUCCION A JAVA,21632
1136,UNIVERSITARIO COMPLETO,SI,INTRODUCCION A JAVA,21632
1137,UNIVERSITARIO COMPLETO,SI,INTRODUCCION A JAVA,21632
1141,SECUNDARIO COMPLETO,SI,INTRODUCCION A JAVA,21632
1143,TERCIARIO COMPLETO,SI,INTRODUCCION A JAVA,21632
1145,TERCIARIO COMPLETO,SI,INTRODUCCION A JAVA,21632
1149,UNIVERSITARIO COMPLETO,SI,INTRODUCCION A JAVA,21632
1150,UNIVERSITARIO INCOMPLETO,NO,INTRODUCCION A JAVA,21632
1154,UNIVERSITARIO INCOMPLETO,SI,INTRODUCCION A JAVA,21632
1155,UNIVERSITARIO INCOMPLETO,NO,INTRODUCCION A JAVA,21632
1156,SECUNDARIO COMPLETO,SI,INTRODUCCION A JAVA,21632
1161,SECUNDARIO COMPLETO,NO,INTRODUCCION A JAVA,21632
1163,TERCIARIO COMPLETO,SI,INTRODUCCION A JAVA,21632
1164,TERCIARIO COMPLETO,SI,INTRODUCCION A JAVA,21632
1167,UNIVERSITARIO COMPLETO,SI,INTRODUCCION A JAVA,21632
1168,UNIVERSITARIO INCOMPLETO,SI,INTRODUCCION A JAVA,21632
1197,UNIVERSITARIO INCOMPLETO,SI,INTRODUCCION A JAVA,21632
1198,SECUNDARIO COMPLETO,SI,INTRODUCCION A JAVA,21632
1201,UNIVERSITARIO INCOMPLETO,NO,INTRODUCCION A JAVA,21632
1205,UNIVERSITARIO INCOMPLETO,SI,INTRODUCCION A JAVA,21632
1223,SECUNDARIO COMPLETO,SI,INTRODUCCION A JAVA,21632
1227,UNIVERSITARIO INCOMPLETO,SI,INTRODUCCION A JAVA,21632
1239,UNIVERSITARIO INCOMPLETO,SI,INTRODUCCION A JAVA,21632
1244,UNIVERSITARIO COMPLETO,NO,INTRODUCCION A JAVA,21632
1248,TERCIARIO INCOMPLETO,SI,INTRODUCCION A JAVA,21632
1258,S/D,SI,INTRODUCCION A JAVA,21632
1260,SECUNDARIO INCOMPLETO,SI,INTRODUCCION A JAVA,21632
1264,SECUNDARIO COMPLETO,SI,INTRODUCCION A JAVA,21632
1265,TERCIARIO COMPLETO,SI,INTRODUCCION A JAVA,21632
1268,UNIVERSITARIO COMPLETO,SI,INTRODUCCION A JAVA,21632
1269,TERCIARIO COMPLETO,NO,INTRODUCCION A JAVA,21632
1274,S/D,S/D,INTRODUCCION A JAVA,21632
1283,UNIVERSITARIO COMPLETO,SI,INTRODUCCION A JAVA,21632
1286,SECUNDARIO COMPLETO,NO,INTRODUCCION A JAVA,21632
1290,UNIVERSITARIO INCOMPLETO,SI,INTRODUCCION A JAVA,21632
1298,TERCIARIO INCOMPLETO,SI,INTRODUCCION A JAVA,21632
1308,UNIVERSITARIO COMPLETO,SI,INTRODUCCION A JAVA,21632
1310,SECUNDARIO INCOMPLETO,NO,INTRODUCCION A JAVA,21632
1311,SECUNDARIO COMPLETO,SI,INTRODUCCION A JAVA,21632
1320,SECUNDARIO COMPLETO,NO,INTRODUCCION A JAVA,21632
1321,TERCIARIO COMPLETO,SI,INTRODUCCION A JAVA,21632
1323,S/D,S/D,INTRODUCCION A JAVA,21632
1324,UNIVERSITARIO INCOMPLETO,NO,INTRODUCCION A JAVA,21632
1327,TERCIARIO INCOMPLETO,SI,INTRODUCCION A JAVA,21632
1328,UNIVERSITARIO COMPLETO,SI,INTRODUCCION A JAVA,21632
1355,TERCIARIO COMPLETO,SI,INTRODUCCION A JAVA,21632
1365,UNIVERSITARIO INCOMPLETO,NO,INTRODUCCION A JAVA,21632
1373,TERCIARIO INCOMPLETO,SI,INTRODUCCION A JAVA,21632
1376,UNIVERSITARIO COMPLETO,SI,INTRODUCCION A JAVA,21632
1378,UNIVERSITARIO INCOMPLETO,NO,INTRODUCCION A JAVA,21632
1401,TERCIARIO INCOMPLETO,SI,INTRODUCCION A JAVA,21632
1410,UNIVERSITARIO INCOMPLETO,NO,INTRODUCCION A JAVA,21632
1433,UNIVERSITARIO INCOMPLETO,NO,INTRODUCCION A JAVA,21632
1440,UNIVERSITARIO INCOMPLETO,NO,INTRODUCCION A JAVA,21632
1463,UNIVERSITARIO INCOMPLETO,NO,INTRODUCCION A JAVA,21632
1466,TERCIARIO INCOMPLETO,NO,INTRODUCCION A JAVA,21632
1527,UNIVERSITARIO INCOMPLETO,NO,INTRODUCCION A JAVA,21632
1533,SECUNDARIO COMPLETO,NO,INTRODUCCION A JAVA,21632
1553,SECUNDARIO COMPLETO,NO,INTRODUCCION A JAVA,21632
1576,UNIVERSITARIO INCOMPLETO,NO,INTRODUCCION A JAVA,21632
1587,SECUNDARIO COMPLETO,NO,INTRODUCCION A JAVA,21632
1597,SECUNDARIO COMPLETO,SI,INTRODUCCION A JAVA,21632
1609,UNIVERSITARIO COMPLETO,NO,INTRODUCCION A JAVA,21632
1612,TERCIARIO INCOMPLETO,NO,INTRODUCCION A JAVA,21632
540,UNIVERSITARIO INCOMPLETO,NO,INTRODUCCION A JAVA,21633
541,UNIVERSITARIO COMPLETO,SI,INTRODUCCION A JAVA,21633
542,SECUNDARIO COMPLETO,NO,INTRODUCCION A JAVA,21633
543,SECUNDARIO COMPLETO,NO,INTRODUCCION A JAVA,21633
544,SECUNDARIO COMPLETO,NO,INTRODUCCION A JAVA,21633
545,SECUNDARIO COMPLETO,SI,INTRODUCCION A JAVA,21633
546,UNIVERSITARIO INCOMPLETO,NO,INTRODUCCION A JAVA,21633
547,SECUNDARIO COMPLETO,NO,INTRODUCCION A JAVA,21633
548,UNIVERSITARIO INCOMPLETO,NO,INTRODUCCION A JAVA,21633
549,UNIVERSITARIO INCOMPLETO,NO,INTRODUCCION A JAVA,21633
550,UNIVERSITARIO INCOMPLETO,NO,INTRODUCCION A JAVA,21633
551,UNIVERSITARIO INCOMPLETO,NO,INTRODUCCION A JAVA,21633
552,UNIVERSITARIO COMPLETO,SI,INTRODUCCION A JAVA,21633
553,UNIVERSITARIO INCOMPLETO,NO,INTRODUCCION A JAVA,21633
554,SECUNDARIO COMPLETO,NO,INTRODUCCION A JAVA,21633
555,SECUNDARIO COMPLETO,SI,INTRODUCCION A JAVA,21633
556,TERCIARIO INCOMPLETO,SI,INTRODUCCION A JAVA,21633
557,UNIVERSITARIO INCOMPLETO,SI,INTRODUCCION A JAVA,21633
558,SECUNDARIO COMPLETO,NO,INTRODUCCION A JAVA,21633
559,UNIVERSITARIO COMPLETO,SI,INTRODUCCION A JAVA,21633
560,UNIVERSITARIO INCOMPLETO,NO,INTRODUCCION A JAVA,21633
1140,TERCIARIO COMPLETO,SI,INTRODUCCION A JAVA,21633
1158,UNIVERSITARIO INCOMPLETO,NO,INTRODUCCION A JAVA,21633
1159,UNIVERSITARIO INCOMPLETO,SI,INTRODUCCION A JAVA,21633
1165,UNIVERSITARIO COMPLETO,SI,INTRODUCCION A JAVA,21633
1170,UNIVERSITARIO COMPLETO,SI,INTRODUCCION A JAVA,21633
1177,UNIVERSITARIO COMPLETO,SI,INTRODUCCION A JAVA,21633
1180,SECUNDARIO INCOMPLETO,SI,INTRODUCCION A JAVA,21633
1182,TERCIARIO INCOMPLETO,SI,INTRODUCCION A JAVA,21633
1211,UNIVERSITARIO COMPLETO,SI,INTRODUCCION A JAVA,21633
1215,S/D,S/D,INTRODUCCION A JAVA,21633
1216,TERCIARIO COMPLETO,NO,INTRODUCCION A JAVA,21633
1219,UNIVERSITARIO COMPLETO,SI,INTRODUCCION A JAVA,21633
1222,UNIVERSITARIO COMPLETO,SI,INTRODUCCION A JAVA,21633
1225,UNIVERSITARIO INCOMPLETO,NO,INTRODUCCION A JAVA,21633
1226,UNIVERSITARIO INCOMPLETO,SI,INTRODUCCION A JAVA,21633
1232,UNIVERSITARIO INCOMPLETO,SI,INTRODUCCION A JAVA,21633
1233,SECUNDARIO COMPLETO,SI,INTRODUCCION A JAVA,21633
1237,TERCIARIO INCOMPLETO,SI,INTRODUCCION A JAVA,21633
1238,SECUNDARIO COMPLETO,NO,INTRODUCCION A JAVA,21633
1247,UNIVERSITARIO INCOMPLETO,SI,INTRODUCCION A JAVA,21633
1251,SECUNDARIO COMPLETO,NO,INTRODUCCION A JAVA,21633
1261,TERCIARIO COMPLETO,NO,INTRODUCCION A JAVA,21633
1281,SECUNDARIO COMPLETO,SI,INTRODUCCION A JAVA,21633
1292,SECUNDARIO COMPLETO,NO,INTRODUCCION A JAVA,21633
1293,SECUNDARIO COMPLETO,SI,INTRODUCCION A JAVA,21633
1296,S/D,SI,INTRODUCCION A JAVA,21633
1297,UNIVERSITARIO COMPLETO,NO,INTRODUCCION A JAVA,21633
1304,TERCIARIO INCOMPLETO,NO,INTRODUCCION A JAVA,21633
1312,UNIVERSITARIO INCOMPLETO,SI,INTRODUCCION A JAVA,21633
1314,UNIVERSITARIO INCOMPLETO,NO,INTRODUCCION A JAVA,21633
1316,UNIVERSITARIO INCOMPLETO,NO,INTRODUCCION A JAVA,21633
1331,UNIVERSITARIO COMPLETO,SI,INTRODUCCION A JAVA,21633
1333,UNIVERSITARIO INCOMPLETO,NO,INTRODUCCION A JAVA,21633
1336,SECUNDARIO COMPLETO,SI,INTRODUCCION A JAVA,21633
1341,SECUNDARIO COMPLETO,SI,INTRODUCCION A JAVA,21633
1347,SECUNDARIO INCOMPLETO,SI,INTRODUCCION A JAVA,21633
1360,UNIVERSITARIO INCOMPLETO,NO,INTRODUCCION A JAVA,21633
1375,SECUNDARIO INCOMPLETO,NO,INTRODUCCION A JAVA,21633
1377,UNIVERSITARIO INCOMPLETO,SI,INTRODUCCION A JAVA,21633
1392,TERCIARIO COMPLETO,SI,INTRODUCCION A JAVA,21633
1407,TERCIARIO COMPLETO,NO,INTRODUCCION A JAVA,21633
1423,UNIVERSITARIO INCOMPLETO,NO,INTRODUCCION A JAVA,21633
1435,UNIVERSITARIO INCOMPLETO,NO,INTRODUCCION A JAVA,21633
1456,UNIVERSITARIO INCOMPLETO,NO,INTRODUCCION A JAVA,21633
1468,UNIVERSITARIO INCOMPLETO,SI,INTRODUCCION A JAVA,21633
1490,UNIVERSITARIO INCOMPLETO,SI,INTRODUCCION A JAVA,21633
1498,SECUNDARIO INCOMPLETO,SI,INTRODUCCION A JAVA,21633
1517,SECUNDARIO COMPLETO,SI,INTRODUCCION A JAVA,21633
1547,UNIVERSITARIO INCOMPLETO,NO,INTRODUCCION A JAVA,21633
1557,SECUNDARIO COMPLETO,NO,INTRODUCCION A JAVA,21633
1563,SECUNDARIO COMPLETO,SI,INTRODUCCION A JAVA,21633
1570,SECUNDARIO COMPLETO,NO,INTRODUCCION A JAVA,21633
1579,UNIVERSITARIO INCOMPLETO,NO,INTRODUCCION A JAVA,21633
1594,UNIVERSITARIO INCOMPLETO,NO,INTRODUCCION A JAVA,21633
1601,UNIVERSITARIO INCOMPLETO,NO,INTRODUCCION A JAVA,21633
514,TERCIARIO COMPLETO,NO,INTRODUCCION A JAVA,21634
515,UNIVERSITARIO INCOMPLETO,NO,INTRODUCCION A JAVA,21634
516,SECUNDARIO COMPLETO,NO,INTRODUCCION A JAVA,21634
517,TERCIARIO INCOMPLETO,NO,INTRODUCCION A JAVA,21634
518,SECUNDARIO COMPLETO,NO,INTRODUCCION A JAVA,21634
519,SECUNDARIO COMPLETO,SI,INTRODUCCION A JAVA,21634
520,UNIVERSITARIO INCOMPLETO,NO,INTRODUCCION A JAVA,21634
521,SECUNDARIO COMPLETO,NO,INTRODUCCION A JAVA,21634
522,SECUNDARIO COMPLETO,SI,INTRODUCCION A JAVA,21634
523,SECUNDARIO COMPLETO,SI,INTRODUCCION A JAVA,21634
524,TERCIARIO COMPLETO,NO,INTRODUCCION A JAVA,21634
525,TERCIARIO COMPLETO,SI,INTRODUCCION A JAVA,21634
526,SECUNDARIO COMPLETO,SI,INTRODUCCION A JAVA,21634
527,UNIVERSITARIO INCOMPLETO,SI,INTRODUCCION A JAVA,21634
528,S/D,S/D,INTRODUCCION A JAVA,21634
529,TERCIARIO COMPLETO,SI,INTRODUCCION A JAVA,21634
530,TERCIARIO COMPLETO,NO,INTRODUCCION A JAVA,21634
531,UNIVERSITARIO INCOMPLETO,SI,INTRODUCCION A JAVA,21634
532,SECUNDARIO COMPLETO,SI,INTRODUCCION A JAVA,21634
533,SECUNDARIO COMPLETO,SI,INTRODUCCION A JAVA,21634
534,TERCIARIO COMPLETO,SI,INTRODUCCION A JAVA,21634
535,SECUNDARIO COMPLETO,NO,INTRODUCCION A JAVA,21634
536,TERCIARIO COMPLETO,SI,INTRODUCCION A JAVA,21634
537,SECUNDARIO COMPLETO,NO,INTRODUCCION A JAVA,21634
538,TERCIARIO COMPLETO,SI,INTRODUCCION A JAVA,21634
539,SECUNDARIO COMPLETO,SI,INTRODUCCION A JAVA,21634
1127,UNIVERSITARIO COMPLETO,SI,INTRODUCCION A JAVA,21634
1128,TERCIARIO INCOMPLETO,SI,INTRODUCCION A JAVA,21634
1138,UNIVERSITARIO COMPLETO,SI,INTRODUCCION A JAVA,21634
1144,UNIVERSITARIO INCOMPLETO,SI,INTRODUCCION A JAVA,21634
1148,SECUNDARIO COMPLETO,SI,INTRODUCCION A JAVA,21634
1166,SECUNDARIO COMPLETO,SI,INTRODUCCION A JAVA,21634
1172,UNIVERSITARIO INCOMPLETO,NO,INTRODUCCION A JAVA,21634
1173,TERCIARIO COMPLETO,SI,INTRODUCCION A JAVA,21634
1178,UNIVERSITARIO COMPLETO,SI,INTRODUCCION A JAVA,21634
1179,SECUNDARIO COMPLETO,SI,INTRODUCCION A JAVA,21634
1184,UNIVERSITARIO COMPLETO,SI,INTRODUCCION A JAVA,21634
1190,S/D,S/D,INTRODUCCION A JAVA,21634
1192,S/D,S/D,INTRODUCCION A JAVA,21634
1195,UNIVERSITARIO COMPLETO,SI,INTRODUCCION A JAVA,21634
1196,UNIVERSITARIO INCOMPLETO,SI,INTRODUCCION A JAVA,21634
1203,UNIVERSITARIO INCOMPLETO,NO,INTRODUCCION A JAVA,21634
1208,UNIVERSITARIO COMPLETO,NO,INTRODUCCION A JAVA,21634
1228,TERCIARIO INCOMPLETO,SI,INTRODUCCION A JAVA,21634
1230,UNIVERSITARIO INCOMPLETO,NO,INTRODUCCION A JAVA,21634
1231,UNIVERSITARIO INCOMPLETO,SI,INTRODUCCION A JAVA,21634
1240,UNIVERSITARIO COMPLETO,SI,INTRODUCCION A JAVA,21634
1245,UNIVERSITARIO INCOMPLETO,NO,INTRODUCCION A JAVA,21634
1250,UNIVERSITARIO COMPLETO,SI,INTRODUCCION A JAVA,21634
1253,SECUNDARIO COMPLETO,SI,INTRODUCCION A JAVA,21634
1256,UNIVERSITARIO COMPLETO,NO,INTRODUCCION A JAVA,21634
1263,TERCIARIO INCOMPLETO,SI,INTRODUCCION A JAVA,21634
1270,UNIVERSITARIO INCOMPLETO,SI,INTRODUCCION A JAVA,21634
1272,SECUNDARIO COMPLETO,SI,INTRODUCCION A JAVA,21634
1276,UNIVERSITARIO INCOMPLETO,SI,INTRODUCCION A JAVA,21634
1279,UNIVERSITARIO COMPLETO,SI,INTRODUCCION A JAVA,21634
1287,S/D,SI,INTRODUCCION A JAVA,21634
1288,SECUNDARIO COMPLETO,NO,INTRODUCCION A JAVA,21634
1289,UNIVERSITARIO INCOMPLETO,NO,INTRODUCCION A JAVA,21634
1294,TERCIARIO COMPLETO,SI,INTRODUCCION A JAVA,21634
1301,UNIVERSITARIO INCOMPLETO,SI,INTRODUCCION A JAVA,21634
1307,UNIVERSITARIO INCOMPLETO,SI,INTRODUCCION A JAVA,21634
1319,UNIVERSITARIO INCOMPLETO,NO,INTRODUCCION A JAVA,21634
1353,UNIVERSITARIO INCOMPLETO,SI,INTRODUCCION A JAVA,21634
1358,SECUNDARIO COMPLETO,SI,INTRODUCCION A JAVA,21634
1404,UNIVERSITARIO COMPLETO,SI,INTRODUCCION A JAVA,21634
1406,UNIVERSITARIO INCOMPLETO,SI,INTRODUCCION A JAVA,21634
1421,SECUNDARIO COMPLETO,NO,INTRODUCCION A JAVA,21634
1448,SECUNDARIO COMPLETO,NO,INTRODUCCION A JAVA,21634
1449,UNIVERSITARIO INCOMPLETO,NO,INTRODUCCION A JAVA,21634
1453,TERCIARIO INCOMPLETO,NO,INTRODUCCION A JAVA,21634
1500,TERCIARIO COMPLETO,SI,INTRODUCCION A JAVA,21634
1526,SECUNDARIO COMPLETO,SI,INTRODUCCION A JAVA,21634
1548,PRIMARIO COMPLETO,SI,INTRODUCCION A JAVA,21634
1555,SECUNDARIO COMPLETO,NO,INTRODUCCION A JAVA,21634
1572,UNIVERSITARIO INCOMPLETO,NO,INTRODUCCION A JAVA,21634
1585,SECUNDARIO COMPLETO,NO,INTRODUCCION A JAVA,21634
1595,UNIVERSITARIO INCOMPLETO,NO,INTRODUCCION A JAVA,21634
430,SECUNDARIO COMPLETO,SI,INTRODUCCION A PYTHON,21600
431,SECUNDARIO COMPLETO,NO,INTRODUCCION A PYTHON,21600
432,UNIVERSITARIO INCOMPLETO,SI,INTRODUCCION A PYTHON,21600
433,SECUNDARIO COMPLETO,NO,INTRODUCCION A PYTHON,21600
434,UNIVERSITARIO COMPLETO,SI,INTRODUCCION A PYTHON,21600
435,SECUNDARIO COMPLETO,SI,INTRODUCCION A PYTHON,21600
436,TERCIARIO INCOMPLETO,NO,INTRODUCCION A PYTHON,21600
437,TERCIARIO INCOMPLETO,SI,INTRODUCCION A PYTHON,21600
438,SECUNDARIO COMPLETO,SI,INTRODUCCION A PYTHON,21600
439,SECUNDARIO COMPLETO,NO,INTRODUCCION A PYTHON,21600
440,UNIVERSITARIO INCOMPLETO,NO,INTRODUCCION A PYTHON,21600
441,UNIVERSITARIO INCOMPLETO,NO,INTRODUCCION A PYTHON,21600
442,UNIVERSITARIO INCOMPLETO,NO,INTRODUCCION A PYTHON,21600
443,SECUNDARIO COMPLETO,NO,INTRODUCCION A PYTHON,21600
444,SECUNDARIO COMPLETO,NO,INTRODUCCION A PYTHON,21600
445,UNIVERSITARIO COMPLETO,NO,INTRODUCCION A PYTHON,21600
446,SECUNDARIO COMPLETO,SI,INTRODUCCION A PYTHON,21600
447,SECUNDARIO COMPLETO,NO,INTRODUCCION A PYTHON,21600
448,UNIVERSITARIO COMPLETO,NO,INTRODUCCION A PYTHON,21600
449,UNIVERSITARIO COMPLETO,NO,INTRODUCCION A PYTHON,21600
450,UNIVERSITARIO INCOMPLETO,NO,INTRODUCCION A PYTHON,21600
451,SECUNDARIO COMPLETO,NO,INTRODUCCION A PYTHON,21600
452,SECUNDARIO COMPLETO,NO,INTRODUCCION A PYTHON,21600
453,SECUNDARIO COMPLETO,NO,INTRODUCCION A PYTHON,21600
454,SECUNDARIO COMPLETO,SI,INTRODUCCION A PYTHON,21600
455,TERCIARIO COMPLETO,SI,INTRODUCCION A PYTHON,21600
456,SECUNDARIO COMPLETO,SI,INTRODUCCION A PYTHON,21600
457,SECUNDARIO COMPLETO,SI,INTRODUCCION A PYTHON,21600
458,TERCIARIO INCOMPLETO,NO,INTRODUCCION A PYTHON,21600
459,TERCIARIO INCOMPLETO,SI,INTRODUCCION A PYTHON,21600
460,SECUNDARIO COMPLETO,NO,INTRODUCCION A PYTHON,21600
461,SECUNDARIO COMPLETO,SI,INTRODUCCION A PYTHON,21600
462,UNIVERSITARIO INCOMPLETO,NO,INTRODUCCION A PYTHON,21600
463,SECUNDARIO COMPLETO,NO,INTRODUCCION A PYTHON,21600
464,UNIVERSITARIO INCOMPLETO,NO,INTRODUCCION A PYTHON,21600
465,UNIVERSITARIO INCOMPLETO,SI,INTRODUCCION A PYTHON,21600
466,SECUNDARIO COMPLETO,NO,INTRODUCCION A PYTHON,21600
467,SECUNDARIO COMPLETO,NO,INTRODUCCION A PYTHON,21600
468,UNIVERSITARIO INCOMPLETO,SI,INTRODUCCION A PYTHON,21600
469,SECUNDARIO COMPLETO,SI,INTRODUCCION A PYTHON,21600
470,TERCIARIO COMPLETO,SI,INTRODUCCION A PYTHON,21600
471,UNIVERSITARIO INCOMPLETO,NO,INTRODUCCION A PYTHON,21600
472,SECUNDARIO COMPLETO,NO,INTRODUCCION A PYTHON,21600
473,TERCIARIO COMPLETO,NO,INTRODUCCION A PYTHON,21600
474,SECUNDARIO COMPLETO,SI,INTRODUCCION A PYTHON,21600
475,SECUNDARIO COMPLETO,NO,INTRODUCCION A PYTHON,21600
476,UNIVERSITARIO COMPLETO,SI,INTRODUCCION A PYTHON,21600
477,TERCIARIO COMPLETO,SI,INTRODUCCION A PYTHON,21600
478,TERCIARIO COMPLETO,SI,INTRODUCCION A PYTHON,21600
479,UNIVERSITARIO INCOMPLETO,NO,INTRODUCCION A PYTHON,21600
480,UNIVERSITARIO INCOMPLETO,NO,INTRODUCCION A PYTHON,21600
481,SECUNDARIO COMPLETO,SI,INTRODUCCION A PYTHON,21600
482,UNIVERSITARIO INCOMPLETO,SI,INTRODUCCION A PYTHON,21600
483,UNIVERSITARIO INCOMPLETO,NO,INTRODUCCION A PYTHON,21600
484,UNIVERSITARIO INCOMPLETO,NO,INTRODUCCION A PYTHON,21600
485,SECUNDARIO COMPLETO,SI,INTRODUCCION A PYTHON,21600
486,SECUNDARIO COMPLETO,SI,INTRODUCCION A PYTHON,21600
487,UNIVERSITARIO INCOMPLETO,NO,INTRODUCCION A PYTHON,21600
488,TERCIARIO COMPLETO,NO,INTRODUCCION A PYTHON,21600
489,TERCIARIO COMPLETO,SI,INTRODUCCION A PYTHON,21600
490,SECUNDARIO COMPLETO,SI,INTRODUCCION A PYTHON,21600
491,UNIVERSITARIO INCOMPLETO,SI,INTRODUCCION A PYTHON,21600
492,SECUNDARIO COMPLETO,NO,INTRODUCCION A PYTHON,21600
493,SECUNDARIO COMPLETO,NO,INTRODUCCION A PYTHON,21600
494,UNIVERSITARIO INCOMPLETO,NO,INTRODUCCION A PYTHON,21600
495,SECUNDARIO COMPLETO,NO,INTRODUCCION A PYTHON,21600
496,UNIVERSITARIO COMPLETO,SI,INTRODUCCION A PYTHON,21600
497,SECUNDARIO COMPLETO,NO,INTRODUCCION A PYTHON,21600
498,UNIVERSITARIO COMPLETO,SI,INTRODUCCION A PYTHON,21600
499,UNIVERSITARIO COMPLETO,NO,INTRODUCCION A PYTHON,21600
500,UNIVERSITARIO INCOMPLETO,NO,INTRODUCCION A PYTHON,21600
501,SECUNDARIO COMPLETO,NO,INTRODUCCION A PYTHON,21600
502,SECUNDARIO COMPLETO,NO,INTRODUCCION A PYTHON,21600
503,UNIVERSITARIO INCOMPLETO,NO,INTRODUCCION A PYTHON,21600
504,TERCIARIO COMPLETO,SI,INTRODUCCION A PYTHON,21600
505,SECUNDARIO COMPLETO,NO,INTRODUCCION A PYTHON,21600
506,TERCIARIO COMPLETO,SI,INTRODUCCION A PYTHON,21600
507,UNIVERSITARIO COMPLETO,NO,INTRODUCCION A PYTHON,21600
508,UNIVERSITARIO INCOMPLETO,NO,INTRODUCCION A PYTHON,21600
509,OTRO,NO,INTRODUCCION A PYTHON,21600
510,UNIVERSITARIO COMPLETO,SI,INTRODUCCION A PYTHON,21600
511,UNIVERSITARIO INCOMPLETO,NO,INTRODUCCION A PYTHON,21600
512,TERCIARIO INCOMPLETO,NO,INTRODUCCION A PYTHON,21600
513,TERCIARIO COMPLETO,NO,INTRODUCCION A PYTHON,21600
364,UNIVERSITARIO INCOMPLETO,NO,INTRODUCCION A PYTHON,21635
365,SECUNDARIO COMPLETO,NO,INTRODUCCION A PYTHON,21635
366,UNIVERSITARIO COMPLETO,SI,INTRODUCCION A PYTHON,21635
367,S/D,S/D,INTRODUCCION A PYTHON,21635
368,SECUNDARIO COMPLETO,NO,INTRODUCCION A PYTHON,21635
369,UNIVERSITARIO INCOMPLETO,SI,INTRODUCCION A PYTHON,21635
370,TERCIARIO INCOMPLETO,SI,INTRODUCCION A PYTHON,21635
371,UNIVERSITARIO INCOMPLETO,SI,INTRODUCCION A PYTHON,21635
372,UNIVERSITARIO INCOMPLETO,SI,INTRODUCCION A PYTHON,21635
373,UNIVERSITARIO COMPLETO,SI,INTRODUCCION A PYTHON,21635
374,UNIVERSITARIO INCOMPLETO,SI,INTRODUCCION A PYTHON,21635
375,UNIVERSITARIO INCOMPLETO,NO,INTRODUCCION A PYTHON,21635
376,TERCIARIO COMPLETO,SI,INTRODUCCION A PYTHON,21635
377,TERCIARIO COMPLETO,SI,INTRODUCCION A PYTHON,21635
378,SECUNDARIO COMPLETO,SI,INTRODUCCION A PYTHON,21635
379,UNIVERSITARIO COMPLETO,SI,INTRODUCCION A PYTHON,21635
380,SECUNDARIO COMPLETO,SI,INTRODUCCION A PYTHON,21635
381,SECUNDARIO COMPLETO,SI,INTRODUCCION A PYTHON,21635
382,SECUNDARIO COMPLETO,NO,INTRODUCCION A PYTHON,21635
383,TERCIARIO COMPLETO,NO,INTRODUCCION A PYTHON,21635
384,SECUNDARIO COMPLETO,NO,INTRODUCCION A PYTHON,21635
385,TERCIARIO INCOMPLETO,SI,INTRODUCCION A PYTHON,21635
386,UNIVERSITARIO COMPLETO,NO,INTRODUCCION A PYTHON,21635
387,TERCIARIO COMPLETO,SI,INTRODUCCION A PYTHON,21635
388,UNIVERSITARIO COMPLETO,SI,INTRODUCCION A PYTHON,21635
389,UNIVERSITARIO INCOMPLETO,NO,INTRODUCCION A PYTHON,21635
390,TERCIARIO COMPLETO,SI,INTRODUCCION A PYTHON,21635
391,SECUNDARIO COMPLETO,SI,INTRODUCCION A PYTHON,21635
392,UNIVERSITARIO INCOMPLETO,NO,INTRODUCCION A PYTHON,21635
393,SECUNDARIO COMPLETO,NO,INTRODUCCION A PYTHON,21635
394,S/D,S/D,INTRODUCCION A PYTHON,21635
395,SECUNDARIO COMPLETO,SI,INTRODUCCION A PYTHON,21635
396,UNIVERSITARIO INCOMPLETO,SI,INTRODUCCION A PYTHON,21635
397,UNIVERSITARIO INCOMPLETO,SI,INTRODUCCION A PYTHON,21635
398,UNIVERSITARIO COMPLETO,SI,INTRODUCCION A PYTHON,21635
399,SECUNDARIO COMPLETO,SI,INTRODUCCION A PYTHON,21635
400,SECUNDARIO COMPLETO,SI,INTRODUCCION A PYTHON,21635
401,SECUNDARIO COMPLETO,NO,INTRODUCCION A PYTHON,21635
402,TERCIARIO COMPLETO,SI,INTRODUCCION A PYTHON,21635
403,SECUNDARIO COMPLETO,SI,INTRODUCCION A PYTHON,21635
404,TERCIARIO COMPLETO,SI,INTRODUCCION A PYTHON,21635
405,UNIVERSITARIO INCOMPLETO,SI,INTRODUCCION A PYTHON,21635
406,UNIVERSITARIO INCOMPLETO,SI,INTRODUCCION A PYTHON,21635
407,SECUNDARIO COMPLETO,SI,INTRODUCCION A PYTHON,21635
408,SECUNDARIO COMPLETO,NO,INTRODUCCION A PYTHON,21635
409,UNIVERSITARIO COMPLETO,SI,INTRODUCCION A PYTHON,21635
410,UNIVERSITARIO COMPLETO,NO,INTRODUCCION A PYTHON,21635
411,UNIVERSITARIO INCOMPLETO,NO,INTRODUCCION A PYTHON,21635
412,SECUNDARIO COMPLETO,SI,INTRODUCCION A PYTHON,21635
413,UNIVERSITARIO INCOMPLETO,NO,INTRODUCCION A PYTHON,21635
414,S/D,S/D,INTRODUCCION A PYTHON,21635
415,UNIVERSITARIO INCOMPLETO,NO,INTRODUCCION A PYTHON,21635
416,UNIVERSITARIO INCOMPLETO,SI,INTRODUCCION A PYTHON,21635
417,SECUNDARIO COMPLETO,SI,INTRODUCCION A PYTHON,21635
418,SECUNDARIO COMPLETO,NO,INTRODUCCION A PYTHON,21635
419,UNIVERSITARIO COMPLETO,SI,INTRODUCCION A PYTHON,21635
420,UNIVERSITARIO INCOMPLETO,NO,INTRODUCCION A PYTHON,21635
421,UNIVERSITARIO INCOMPLETO,SI,INTRODUCCION A PYTHON,21635
422,UNIVERSITARIO COMPLETO,SI,INTRODUCCION A PYTHON,21635
423,UNIVERSITARIO INCOMPLETO,SI,INTRODUCCION A PYTHON,21635
424,UNIVERSITARIO INCOMPLETO,SI,INTRODUCCION A PYTHON,21635
425,TERCIARIO INCOMPLETO,SI,INTRODUCCION A PYTHON,21635
426,UNIVERSITARIO COMPLETO,SI,INTRODUCCION A PYTHON,21635
427,S/D,S/D,INTRODUCCION A PYTHON,21635
428,SECUNDARIO COMPLETO,NO,INTRODUCCION A PYTHON,21635
429,SECUNDARIO COMPLETO,NO,INTRODUCCION A PYTHON,21635
1400,SECUNDARIO COMPLETO,NO,INTRODUCCION A PYTHON,21635
1409,UNIVERSITARIO COMPLETO,NO,INTRODUCCION A PYTHON,21635
1418,UNIVERSITARIO INCOMPLETO,SI,INTRODUCCION A PYTHON,21635
1429,UNIVERSITARIO INCOMPLETO,NO,INTRODUCCION A PYTHON,21635
1462,UNIVERSITARIO INCOMPLETO,NO,INTRODUCCION A PYTHON,21635
1487,UNIVERSITARIO INCOMPLETO,SI,INTRODUCCION A PYTHON,21635
1493,TERCIARIO COMPLETO,SI,INTRODUCCION A PYTHON,21635
1501,UNIVERSITARIO INCOMPLETO,NO,INTRODUCCION A PYTHON,21635
1505,SECUNDARIO COMPLETO,SI,INTRODUCCION A PYTHON,21635
1506,UNIVERSITARIO INCOMPLETO,NO,INTRODUCCION A PYTHON,21635
1522,SECUNDARIO COMPLETO,NO,INTRODUCCION A PYTHON,21635
1545,SECUNDARIO COMPLETO,NO,INTRODUCCION A PYTHON,21635
1589,UNIVERSITARIO INCOMPLETO,NO,INTRODUCCION A PYTHON,21635
1617,SECUNDARIO COMPLETO,NO,INTRODUCCION A PYTHON,21635
324,UNIVERSITARIO COMPLETO,SI,INTRODUCCION A PYTHON,21636
325,TERCIARIO COMPLETO,NO,INTRODUCCION A PYTHON,21636
326,SECUNDARIO COMPLETO,NO,INTRODUCCION A PYTHON,21636
327,UNIVERSITARIO INCOMPLETO,SI,INTRODUCCION A PYTHON,21636
328,SECUNDARIO COMPLETO,NO,INTRODUCCION A PYTHON,21636
329,UNIVERSITARIO INCOMPLETO,NO,INTRODUCCION A PYTHON,21636
330,SECUNDARIO COMPLETO,SI,INTRODUCCION A PYTHON,21636
331,SECUNDARIO COMPLETO,NO,INTRODUCCION A PYTHON,21636
332,SECUNDARIO COMPLETO,NO,INTRODUCCION A PYTHON,21636
333,UNIVERSITARIO COMPLETO,SI,INTRODUCCION A PYTHON,21636
334,SECUNDARIO COMPLETO,NO,INTRODUCCION A PYTHON,21636
335,TERCIARIO COMPLETO,NO,INTRODUCCION A PYTHON,21636
336,UNIVERSITARIO COMPLETO,SI,INTRODUCCION A PYTHON,21636
337,SECUNDARIO COMPLETO,NO,INTRODUCCION A PYTHON,21636
338,TERCIARIO COMPLETO,SI,INTRODUCCION A PYTHON,21636
339,SECUNDARIO COMPLETO,NO,INTRODUCCION A PYTHON,21636
340,TERCIARIO INCOMPLETO,SI,INTRODUCCION A PYTHON,21636
341,SECUNDARIO COMPLETO,SI,INTRODUCCION A PYTHON,21636
342,UNIVERSITARIO INCOMPLETO,SI,INTRODUCCION A PYTHON,21636
343,UNIVERSITARIO INCOMPLETO,SI,INTRODUCCION A PYTHON,21636
344,UNIVERSITARIO INCOMPLETO,NO,INTRODUCCION A PYTHON,21636
345,UNIVERSITARIO COMPLETO,NO,INTRODUCCION A PYTHON,21636
346,TERCIARIO INCOMPLETO,SI,INTRODUCCION A PYTHON,21636
347,TERCIARIO INCOMPLETO,SI,INTRODUCCION A PYTHON,21636
348,SECUNDARIO COMPLETO,NO,INTRODUCCION A PYTHON,21636
349,UNIVERSITARIO COMPLETO,SI,INTRODUCCION A PYTHON,21636
350,SECUNDARIO COMPLETO,NO,INTRODUCCION A PYTHON,21636
351,UNIVERSITARIO INCOMPLETO,SI,INTRODUCCION A PYTHON,21636
352,TERCIARIO COMPLETO,NO,INTRODUCCION A PYTHON,21636
353,SECUNDARIO COMPLETO,NO,INTRODUCCION A PYTHON,21636
354,SECUNDARIO COMPLETO,NO,INTRODUCCION A PYTHON,21636
355,UNIVERSITARIO INCOMPLETO,NO,INTRODUCCION A PYTHON,21636
356,SECUNDARIO COMPLETO,NO,INTRODUCCION A PYTHON,21636
357,UNIVERSITARIO INCOMPLETO,SI,INTRODUCCION A PYTHON,21636
358,TERCIARIO COMPLETO,SI,INTRODUCCION A PYTHON,21636
359,UNIVERSITARIO COMPLETO,SI,INTRODUCCION A PYTHON,21636
360,SECUNDARIO COMPLETO,NO,INTRODUCCION A PYTHON,21636
361,UNIVERSITARIO INCOMPLETO,NO,INTRODUCCION A PYTHON,21636
362,UNIVERSITARIO INCOMPLETO,NO,INTRODUCCION A PYTHON,21636
363,SECUNDARIO COMPLETO,NO,INTRODUCCION A PYTHON,21636
1345,SECUNDARIO COMPLETO,SI,INTRODUCCION A PYTHON,21636
1350,UNIVERSITARIO INCOMPLETO,NO,INTRODUCCION A PYTHON,21636
1352,UNIVERSITARIO INCOMPLETO,SI,INTRODUCCION A PYTHON,21636
1354,UNIVERSITARIO INCOMPLETO,SI,INTRODUCCION A PYTHON,21636
1361,SECUNDARIO COMPLETO,SI,INTRODUCCION A PYTHON,21636
1363,UNIVERSITARIO INCOMPLETO,NO,INTRODUCCION A PYTHON,21636
1364,SECUNDARIO INCOMPLETO,SI,INTRODUCCION A PYTHON,21636
1368,SECUNDARIO COMPLETO,NO,INTRODUCCION A PYTHON,21636
1370,UNIVERSITARIO INCOMPLETO,NO,INTRODUCCION A PYTHON,21636
1372,UNIVERSITARIO INCOMPLETO,NO,INTRODUCCION A PYTHON,21636
1380,UNIVERSITARIO COMPLETO,SI,INTRODUCCION A PYTHON,21636
1389,SECUNDARIO COMPLETO,SI,INTRODUCCION A PYTHON,21636
1393,SECUNDARIO COMPLETO,NO,INTRODUCCION A PYTHON,21636
1399,SECUNDARIO INCOMPLETO,NO,INTRODUCCION A PYTHON,21636
1415,UNIVERSITARIO INCOMPLETO,NO,INTRODUCCION A PYTHON,21636
1439,UNIVERSITARIO COMPLETO,SI,INTRODUCCION A PYTHON,21636
1450,SECUNDARIO COMPLETO,NO,INTRODUCCION A PYTHON,21636
1458,UNIVERSITARIO INCOMPLETO,NO,INTRODUCCION A PYTHON,21636
1461,UNIVERSITARIO INCOMPLETO,NO,INTRODUCCION A PYTHON,21636
1465,TERCIARIO INCOMPLETO,NO,INTRODUCCION A PYTHON,21636
1478,SECUNDARIO COMPLETO,NO,INTRODUCCION A PYTHON,21636
1479,UNIVERSITARIO INCOMPLETO,NO,INTRODUCCION A PYTHON,21636
1484,UNIVERSITARIO INCOMPLETO,SI,INTRODUCCION A PYTHON,21636
1507,TERCIARIO INCOMPLETO,SI,INTRODUCCION A PYTHON,21636
1509,UNIVERSITARIO INCOMPLETO,NO,INTRODUCCION A PYTHON,21636
1511,UNIVERSITARIO COMPLETO,SI,INTRODUCCION A PYTHON,21636
1514,TERCIARIO COMPLETO,SI,INTRODUCCION A PYTHON,21636
1541,SECUNDARIO INCOMPLETO,NO,INTRODUCCION A PYTHON,21636
1542,SECUNDARIO COMPLETO,NO,INTRODUCCION A PYTHON,21636
1560,SECUNDARIO COMPLETO,NO,INTRODUCCION A PYTHON,21636
1565,SECUNDARIO COMPLETO,SI,INTRODUCCION A PYTHON,21636
1573,UNIVERSITARIO INCOMPLETO,NO,INTRODUCCION A PYTHON,21636
1584,SECUNDARIO INCOMPLETO,NO,INTRODUCCION A PYTHON,21636
1598,SECUNDARIO COMPLETO,NO,INTRODUCCION A PYTHON,21636
1599,UNIVERSITARIO INCOMPLETO,NO,INTRODUCCION A PYTHON,21636
1600,SECUNDARIO COMPLETO,NO,INTRODUCCION A PYTHON,21636
1603,SECUNDARIO COMPLETO,NO,INTRODUCCION A PYTHON,21636
1605,SECUNDARIO COMPLETO,NO,INTRODUCCION A PYTHON,21636
1613,UNIVERSITARIO INCOMPLETO,SI,INTRODUCCION A PYTHON,21636
1615,UNIVERSITARIO INCOMPLETO,NO,INTRODUCCION A PYTHON,21636
248,UNIVERSITARIO COMPLETO,SI,INTRODUCCION A PYTHON,21637
249,UNIVERSITARIO INCOMPLETO,NO,INTRODUCCION A PYTHON,21637
250,SECUNDARIO COMPLETO,SI,INTRODUCCION A PYTHON,21637
251,SECUNDARIO COMPLETO,NO,INTRODUCCION A PYTHON,21637
252,SECUNDARIO COMPLETO,SI,INTRODUCCION A PYTHON,21637
253,UNIVERSITARIO COMPLETO,SI,INTRODUCCION A PYTHON,21637
254,SECUNDARIO COMPLETO,SI,INTRODUCCION A PYTHON,21637
255,SECUNDARIO COMPLETO,NO,INTRODUCCION A PYTHON,21637
256,SECUNDARIO COMPLETO,NO,INTRODUCCION A PYTHON,21637
257,UNIVERSITARIO INCOMPLETO,NO,INTRODUCCION A PYTHON,21637
258,SECUNDARIO COMPLETO,NO,INTRODUCCION A PYTHON,21637
259,UNIVERSITARIO INCOMPLETO,SI,INTRODUCCION A PYTHON,21637
260,UNIVERSITARIO COMPLETO,SI,INTRODUCCION A PYTHON,21637
261,SECUNDARIO COMPLETO,NO,INTRODUCCION A PYTHON,21637
262,SECUNDARIO COMPLETO,NO,INTRODUCCION A PYTHON,21637
263,SECUNDARIO COMPLETO,NO,INTRODUCCION A PYTHON,21637
264,UNIVERSITARIO COMPLETO,SI,INTRODUCCION A PYTHON,21637
265,TERCIARIO COMPLETO,SI,INTRODUCCION A PYTHON,21637
266,SECUNDARIO COMPLETO,NO,INTRODUCCION A PYTHON,21637
267,SECUNDARIO COMPLETO,SI,INTRODUCCION A PYTHON,21637
268,TERCIARIO COMPLETO,NO,INTRODUCCION A PYTHON,21637
269,UNIVERSITARIO COMPLETO,NO,INTRODUCCION A PYTHON,21637
270,SECUNDARIO COMPLETO,NO,INTRODUCCION A PYTHON,21637
271,UNIVERSITARIO INCOMPLETO,NO,INTRODUCCION A PYTHON,21637
272,SECUNDARIO COMPLETO,SI,INTRODUCCION A PYTHON,21637
273,SECUNDARIO COMPLETO,NO,INTRODUCCION A PYTHON,21637
274,UNIVERSITARIO COMPLETO,SI,INTRODUCCION A PYTHON,21637
275,SECUNDARIO COMPLETO,SI,INTRODUCCION A PYTHON,21637
276,SECUNDARIO COMPLETO,NO,INTRODUCCION A PYTHON,21637
277,UNIVERSITARIO INCOMPLETO,SI,INTRODUCCION A PYTHON,21637
278,UNIVERSITARIO INCOMPLETO,SI,INTRODUCCION A PYTHON,21637
279,SECUNDARIO COMPLETO,SI,INTRODUCCION A PYTHON,21637
280,TERCIARIO COMPLETO,NO,INTRODUCCION A PYTHON,21637
281,UNIVERSITARIO INCOMPLETO,SI,INTRODUCCION A PYTHON,21637
282,UNIVERSITARIO INCOMPLETO,NO,INTRODUCCION A PYTHON,21637
283,UNIVERSITARIO COMPLETO,NO,INTRODUCCION A PYTHON,21637
284,SECUNDARIO COMPLETO,SI,INTRODUCCION A PYTHON,21637
285,SECUNDARIO COMPLETO,SI,INTRODUCCION A PYTHON,21637
286,UNIVERSITARIO INCOMPLETO,NO,INTRODUCCION A PYTHON,21637
287,SECUNDARIO COMPLETO,SI,INTRODUCCION A PYTHON,21637
288,UNIVERSITARIO INCOMPLETO,SI,INTRODUCCION A PYTHON,21637
289,UNIVERSITARIO INCOMPLETO,SI,INTRODUCCION A PYTHON,21637
290,SECUNDARIO COMPLETO,NO,INTRODUCCION A PYTHON,21637
291,TERCIARIO COMPLETO,SI,INTRODUCCION A PYTHON,21637
292,UNIVERSITARIO INCOMPLETO,NO,INTRODUCCION A PYTHON,21637
293,UNIVERSITARIO INCOMPLETO,NO,INTRODUCCION A PYTHON,21637
294,SECUNDARIO COMPLETO,NO,INTRODUCCION A PYTHON,21637
295,SECUNDARIO COMPLETO,NO,INTRODUCCION A PYTHON,21637
296,TERCIARIO INCOMPLETO,SI,INTRODUCCION A PYTHON,21637
297,UNIVERSITARIO INCOMPLETO,NO,INTRODUCCION A PYTHON,21637
298,SECUNDARIO COMPLETO,NO,INTRODUCCION A PYTHON,21637
299,TERCIARIO COMPLETO,NO,INTRODUCCION A PYTHON,21637
300,SECUNDARIO COMPLETO,NO,INTRODUCCION A PYTHON,21637
301,SECUNDARIO COMPLETO,NO,INTRODUCCION A PYTHON,21637
302,UNIVERSITARIO INCOMPLETO,NO,INTRODUCCION A PYTHON,21637
303,UNIVERSITARIO INCOMPLETO,NO,INTRODUCCION A PYTHON,21637
304,SECUNDARIO COMPLETO,NO,INTRODUCCION A PYTHON,21637
305,UNIVERSITARIO COMPLETO,SI,INTRODUCCION A PYTHON,21637
306,UNIVERSITARIO INCOMPLETO,NO,INTRODUCCION A PYTHON,21637
307,UNIVERSITARIO INCOMPLETO,NO,INTRODUCCION A PYTHON,21637
308,SECUNDARIO COMPLETO,NO,INTRODUCCION A PYTHON,21637
309,UNIVERSITARIO COMPLETO,SI,INTRODUCCION A PYTHON,21637
310,TERCIARIO COMPLETO,NO,INTRODUCCION A PYTHON,21637
311,UNIVERSITARIO COMPLETO,SI,INTRODUCCION A PYTHON,21637
312,UNIVERSITARIO COMPLETO,SI,INTRODUCCION A PYTHON,21637
313,UNIVERSITARIO COMPLETO,SI,INTRODUCCION A PYTHON,21637
314,UNIVERSITARIO INCOMPLETO,SI,INTRODUCCION A PYTHON,21637
315,SECUNDARIO COMPLETO,SI,INTRODUCCION A PYTHON,21637
316,UNIVERSITARIO COMPLETO,SI,INTRODUCCION A PYTHON,21637
317,TERCIARIO INCOMPLETO,NO,INTRODUCCION A PYTHON,21637
318,UNIVERSITARIO INCOMPLETO,NO,INTRODUCCION A PYTHON,21637
319,SECUNDARIO COMPLETO,NO,INTRODUCCION A PYTHON,21637
320,UNIVERSITARIO INCOMPLETO,NO,INTRODUCCION A PYTHON,21637
321,UNIVERSITARIO INCOMPLETO,NO,INTRODUCCION A PYTHON,21637
322,TERCIARIO COMPLETO,SI,INTRODUCCION A PYTHON,21637
323,UNIVERSITARIO INCOMPLETO,SI,INTRODUCCION A PYTHON,21637
1411,UNIVERSITARIO COMPLETO,NO,INTRODUCCION A PYTHON,21637
1427,TERCIARIO COMPLETO,SI,INTRODUCCION A PYTHON,21637
1432,UNIVERSITARIO INCOMPLETO,NO,INTRODUCCION A PYTHON,21637
1437,UNIVERSITARIO INCOMPLETO,NO,INTRODUCCION A PYTHON,21637
1503,UNIVERSITARIO INCOMPLETO,SI,INTRODUCCION A PYTHON,21637
1611,TERCIARIO COMPLETO,NO,INTRODUCCION A PYTHON,21637
164,UNIVERSITARIO INCOMPLETO,SI,INTRODUCCION A PYTHON,21638
165,UNIVERSITARIO INCOMPLETO,NO,INTRODUCCION A PYTHON,21638
166,TERCIARIO COMPLETO,SI,INTRODUCCION A PYTHON,21638
167,TERCIARIO COMPLETO,SI,INTRODUCCION A PYTHON,21638
168,UNIVERSITARIO COMPLETO,SI,INTRODUCCION A PYTHON,21638
169,UNIVERSITARIO INCOMPLETO,SI,INTRODUCCION A PYTHON,21638
170,UNIVERSITARIO INCOMPLETO,NO,INTRODUCCION A PYTHON,21638
171,UNIVERSITARIO INCOMPLETO,NO,INTRODUCCION A PYTHON,21638
172,UNIVERSITARIO INCOMPLETO,NO,INTRODUCCION A PYTHON,21638
173,SECUNDARIO COMPLETO,NO,INTRODUCCION A PYTHON,21638
174,SECUNDARIO COMPLETO,NO,INTRODUCCION A PYTHON,21638
175,UNIVERSITARIO COMPLETO,NO,INTRODUCCION A PYTHON,21638
176,UNIVERSITARIO INCOMPLETO,SI,INTRODUCCION A PYTHON,21638
177,SECUNDARIO COMPLETO,NO,INTRODUCCION A PYTHON,21638
178,UNIVERSITARIO COMPLETO,SI,INTRODUCCION A PYTHON,21638
179,SECUNDARIO COMPLETO,NO,INTRODUCCION A PYTHON,21638
180,UNIVERSITARIO INCOMPLETO,NO,INTRODUCCION A PYTHON,21638
181,SECUNDARIO COMPLETO,NO,INTRODUCCION A PYTHON,21638
182,S/D,S/D,INTRODUCCION A PYTHON,21638
183,UNIVERSITARIO INCOMPLETO,NO,INTRODUCCION A PYTHON,21638
184,TERCIARIO INCOMPLETO,SI,INTRODUCCION A PYTHON,21638
185,UNIVERSITARIO COMPLETO,SI,INTRODUCCION A PYTHON,21638
186,TERCIARIO COMPLETO,SI,INTRODUCCION A PYTHON,21638
187,UNIVERSITARIO INCOMPLETO,NO,INTRODUCCION A PYTHON,21638
188,SECUNDARIO COMPLETO,NO,INTRODUCCION A PYTHON,21638
189,S/D,S/D,INTRODUCCION A PYTHON,21638
190,SECUNDARIO COMPLETO,SI,INTRODUCCION A PYTHON,21638
191,SECUNDARIO COMPLETO,SI,INTRODUCCION A PYTHON,21638
192,UNIVERSITARIO INCOMPLETO,NO,INTRODUCCION A PYTHON,21638
193,UNIVERSITARIO INCOMPLETO,SI,INTRODUCCION A PYTHON,21638
194,SECUNDARIO COMPLETO,SI,INTRODUCCION A PYTHON,21638
195,TERCIARIO COMPLETO,SI,INTRODUCCION A PYTHON,21638
196,UNIVERSITARIO COMPLETO,SI,INTRODUCCION A PYTHON,21638
197,SECUNDARIO COMPLETO,SI,INTRODUCCION A PYTHON,21638
198,SECUNDARIO COMPLETO,SI,INTRODUCCION A PYTHON,21638
199,UNIVERSITARIO COMPLETO,NO,INTRODUCCION A PYTHON,21638
200,UNIVERSITARIO INCOMPLETO,NO,INTRODUCCION A PYTHON,21638
201,UNIVERSITARIO COMPLETO,SI,INTRODUCCION A PYTHON,21638
202,UNIVERSITARIO INCOMPLETO,NO,INTRODUCCION A PYTHON,21638
203,SECUNDARIO COMPLETO,SI,INTRODUCCION A PYTHON,21638
204,UNIVERSITARIO INCOMPLETO,NO,INTRODUCCION A PYTHON,21638
205,SECUNDARIO COMPLETO,NO,INTRODUCCION A PYTHON,21638
206,SECUNDARIO COMPLETO,NO,INTRODUCCION A PYTHON,21638
207,TERCIARIO COMPLETO,SI,INTRODUCCION A PYTHON,21638
208,UNIVERSITARIO INCOMPLETO,SI,INTRODUCCION A PYTHON,21638
209,UNIVERSITARIO INCOMPLETO,SI,INTRODUCCION A PYTHON,21638
210,TERCIARIO COMPLETO,SI,INTRODUCCION A PYTHON,21638
211,SECUNDARIO COMPLETO,NO,INTRODUCCION A PYTHON,21638
212,SECUNDARIO COMPLETO,SI,INTRODUCCION A PYTHON,21638
213,SECUNDARIO COMPLETO,NO,INTRODUCCION A PYTHON,21638
214,TERCIARIO INCOMPLETO,NO,INTRODUCCION A PYTHON,21638
215,UNIVERSITARIO INCOMPLETO,SI,INTRODUCCION A PYTHON,21638
216,SECUNDARIO COMPLETO,NO,INTRODUCCION A PYTHON,21638
217,UNIVERSITARIO INCOMPLETO,NO,INTRODUCCION A PYTHON,21638
218,UNIVERSITARIO COMPLETO,SI,INTRODUCCION A PYTHON,21638
219,TERCIARIO INCOMPLETO,SI,INTRODUCCION A PYTHON,21638
220,UNIVERSITARIO INCOMPLETO,NO,INTRODUCCION A PYTHON,21638
221,UNIVERSITARIO INCOMPLETO,SI,INTRODUCCION A PYTHON,21638
222,UNIVERSITARIO INCOMPLETO,SI,INTRODUCCION A PYTHON,21638
223,UNIVERSITARIO COMPLETO,SI,INTRODUCCION A PYTHON,21638
224,UNIVERSITARIO INCOMPLETO,SI,INTRODUCCION A PYTHON,21638
225,SECUNDARIO COMPLETO,SI,INTRODUCCION A PYTHON,21638
226,SECUNDARIO COMPLETO,SI,INTRODUCCION A PYTHON,21638
227,TERCIARIO COMPLETO,SI,INTRODUCCION A PYTHON,21638
228,UNIVERSITARIO COMPLETO,SI,INTRODUCCION A PYTHON,21638
229,UNIVERSITARIO INCOMPLETO,SI,INTRODUCCION A PYTHON,21638
230,UNIVERSITARIO COMPLETO,SI,INTRODUCCION A PYTHON,21638
231,TERCIARIO INCOMPLETO,NO,INTRODUCCION A PYTHON,21638
232,TERCIARIO COMPLETO,SI,INTRODUCCION A PYTHON,21638
233,SECUNDARIO COMPLETO,SI,INTRODUCCION A PYTHON,21638
234,SECUNDARIO COMPLETO,SI,INTRODUCCION A PYTHON,21638
235,TERCIARIO COMPLETO,SI,INTRODUCCION A PYTHON,21638
236,SECUNDARIO COMPLETO,NO,INTRODUCCION A PYTHON,21638
237,SECUNDARIO COMPLETO,SI,INTRODUCCION A PYTHON,21638
238,UNIVERSITARIO COMPLETO,NO,INTRODUCCION A PYTHON,21638
239,UNIVERSITARIO INCOMPLETO,NO,INTRODUCCION A PYTHON,21638
240,UNIVERSITARIO INCOMPLETO,SI,INTRODUCCION A PYTHON,21638
241,UNIVERSITARIO COMPLETO,SI,INTRODUCCION A PYTHON,21638
242,SECUNDARIO COMPLETO,SI,INTRODUCCION A PYTHON,21638
243,SECUNDARIO COMPLETO,SI,INTRODUCCION A PYTHON,21638
244,TERCIARIO COMPLETO,SI,INTRODUCCION A PYTHON,21638
245,UNIVERSITARIO COMPLETO,SI,INTRODUCCION A PYTHON,21638
246,UNIVERSITARIO INCOMPLETO,SI,INTRODUCCION A PYTHON,21638
247,UNIVERSITARIO INCOMPLETO,NO,INTRODUCCION A PYTHON,21638
116,UNIVERSITARIO COMPLETO,NO,INTRODUCCION A PYTHON,21639
117,UNIVERSITARIO INCOMPLETO,SI,INTRODUCCION A PYTHON,21639
118,SECUNDARIO COMPLETO,NO,INTRODUCCION A PYTHON,21639
119,UNIVERSITARIO COMPLETO,SI,INTRODUCCION A PYTHON,21639
120,UNIVERSITARIO INCOMPLETO,SI,INTRODUCCION A PYTHON,21639
121,TERCIARIO COMPLETO,SI,INTRODUCCION A PYTHON,21639
122,SECUNDARIO COMPLETO,SI,INTRODUCCION A PYTHON,21639
123,TERCIARIO COMPLETO,NO,INTRODUCCION A PYTHON,21639
124,SECUNDARIO COMPLETO,SI,INTRODUCCION A PYTHON,21639
125,UNIVERSITARIO INCOMPLETO,NO,INTRODUCCION A PYTHON,21639
126,TERCIARIO COMPLETO,SI,INTRODUCCION A PYTHON,21639
127,SECUNDARIO COMPLETO,SI,INTRODUCCION A PYTHON,21639
128,UNIVERSITARIO INCOMPLETO,NO,INTRODUCCION A PYTHON,21639
129,UNIVERSITARIO INCOMPLETO,SI,INTRODUCCION A PYTHON,21639
130,SECUNDARIO COMPLETO,SI,INTRODUCCION A PYTHON,21639
131,UNIVERSITARIO INCOMPLETO,NO,INTRODUCCION A PYTHON,21639
132,SECUNDARIO COMPLETO,SI,INTRODUCCION A PYTHON,21639
133,SECUNDARIO COMPLETO,SI,INTRODUCCION A PYTHON,21639
134,SECUNDARIO COMPLETO,NO,INTRODUCCION A PYTHON,21639
135,UNIVERSITARIO COMPLETO,SI,INTRODUCCION A PYTHON,21639
136,TERCIARIO COMPLETO,SI,INTRODUCCION A PYTHON,21639
137,SECUNDARIO COMPLETO,SI,INTRODUCCION A PYTHON,21639
138,TERCIARIO INCOMPLETO,SI,INTRODUCCION A PYTHON,21639
139,SECUNDARIO COMPLETO,NO,INTRODUCCION A PYTHON,21639
140,UNIVERSITARIO COMPLETO,SI,INTRODUCCION A PYTHON,21639
141,SECUNDARIO COMPLETO,SI,INTRODUCCION A PYTHON,21639
142,SECUNDARIO COMPLETO,NO,INTRODUCCION A PYTHON,21639
143,TERCIARIO INCOMPLETO,NO,INTRODUCCION A PYTHON,21639
144,SECUNDARIO COMPLETO,SI,INTRODUCCION A PYTHON,21639
145,UNIVERSITARIO COMPLETO,NO,INTRODUCCION A PYTHON,21639
146,UNIVERSITARIO COMPLETO,SI,INTRODUCCION A PYTHON,21639
147,SECUNDARIO COMPLETO,SI,INTRODUCCION A PYTHON,21639
148,SECUNDARIO COMPLETO,NO,INTRODUCCION A PYTHON,21639
149,UNIVERSITARIO COMPLETO,SI,INTRODUCCION A PYTHON,21639
150,SECUNDARIO COMPLETO,SI,INTRODUCCION A PYTHON,21639
151,UNIVERSITARIO COMPLETO,SI,INTRODUCCION A PYTHON,21639
152,TERCIARIO COMPLETO,NO,INTRODUCCION A PYTHON,21639
153,SECUNDARIO COMPLETO,NO,INTRODUCCION A PYTHON,21639
154,SECUNDARIO COMPLETO,NO,INTRODUCCION A PYTHON,21639
155,UNIVERSITARIO INCOMPLETO,SI,INTRODUCCION A PYTHON,21639
156,UNIVERSITARIO INCOMPLETO,SI,INTRODUCCION A PYTHON,21639
157,SECUNDARIO COMPLETO,NO,INTRODUCCION A PYTHON,21639
158,TERCIARIO COMPLETO,SI,INTRODUCCION A PYTHON,21639
159,TERCIARIO COMPLETO,SI,INTRODUCCION A PYTHON,21639
160,UNIVERSITARIO COMPLETO,SI,INTRODUCCION A PYTHON,21639
161,SECUNDARIO COMPLETO,NO,INTRODUCCION A PYTHON,21639
162,UNIVERSITARIO INCOMPLETO,SI,INTRODUCCION A PYTHON,21639
163,TERCIARIO INCOMPLETO,SI,INTRODUCCION A PYTHON,21639
1131,UNIVERSITARIO INCOMPLETO,NO,INTRODUCCION A PYTHON,21639
1242,UNIVERSITARIO INCOMPLETO,SI,INTRODUCCION A PYTHON,21639
1343,TERCIARIO INCOMPLETO,NO,INTRODUCCION A PYTHON,21639
1349,UNIVERSITARIO INCOMPLETO,NO,INTRODUCCION A PYTHON,21639
1356,SECUNDARIO INCOMPLETO,SI,INTRODUCCION A PYTHON,21639
1367,UNIVERSITARIO COMPLETO,NO,INTRODUCCION A PYTHON,21639
1383,UNIVERSITARIO COMPLETO,NO,INTRODUCCION A PYTHON,21639
1384,TERCIARIO INCOMPLETO,NO,INTRODUCCION A PYTHON,21639
1396,SECUNDARIO INCOMPLETO,SI,INTRODUCCION A PYTHON,21639
1416,SECUNDARIO COMPLETO,SI,INTRODUCCION A PYTHON,21639
1419,SECUNDARIO COMPLETO,NO,INTRODUCCION A PYTHON,21639
1431,UNIVERSITARIO INCOMPLETO,SI,INTRODUCCION A PYTHON,21639
1441,UNIVERSITARIO COMPLETO,SI,INTRODUCCION A PYTHON,21639
1443,SECUNDARIO COMPLETO,SI,INTRODUCCION A PYTHON,21639
1460,UNIVERSITARIO INCOMPLETO,SI,INTRODUCCION A PYTHON,21639
1471,UNIVERSITARIO COMPLETO,NO,INTRODUCCION A PYTHON,21639
1472,UNIVERSITARIO INCOMPLETO,SI,INTRODUCCION A PYTHON,21639
1476,SECUNDARIO COMPLETO,NO,INTRODUCCION A PYTHON,21639
1485,UNIVERSITARIO INCOMPLETO,NO,INTRODUCCION A PYTHON,21639
1491,S/D,S/D,INTRODUCCION A PYTHON,21639
1513,UNIVERSITARIO INCOMPLETO,NO,INTRODUCCION A PYTHON,21639
1515,UNIVERSITARIO INCOMPLETO,NO,INTRODUCCION A PYTHON,21639
1521,UNIVERSITARIO INCOMPLETO,SI,INTRODUCCION A PYTHON,21639
1551,TERCIARIO INCOMPLETO,NO,INTRODUCCION A PYTHON,21639
1558,S/D,S/D,INTRODUCCION A PYTHON,21639
1561,UNIVERSITARIO INCOMPLETO,NO,INTRODUCCION A PYTHON,21639
1567,SECUNDARIO COMPLETO,NO,INTRODUCCION A PYTHON,21639
1574,UNIVERSITARIO INCOMPLETO,NO,INTRODUCCION A PYTHON,21639
1590,SECUNDARIO INCOMPLETO,NO,INTRODUCCION A PYTHON,21639
1592,SECUNDARIO INCOMPLETO,NO,INTRODUCCION A PYTHON,21639
1616,TERCIARIO COMPLETO,SI,INTRODUCCION A PYTHON,21639
65,SECUNDARIO COMPLETO,SI,INTRODUCCION A TESTING,21011
66,TERCIARIO COMPLETO,SI,INTRODUCCION A TESTING,21011
67,UNIVERSITARIO INCOMPLETO,NO,INTRODUCCION A TESTING,21011
68,SECUNDARIO COMPLETO,NO,INTRODUCCION A TESTING,21011
69,TERCIARIO INCOMPLETO,NO,INTRODUCCION A TESTING,21011
70,UNIVERSITARIO INCOMPLETO,SI,INTRODUCCION A TESTING,21011
71,SECUNDARIO COMPLETO,NO,INTRODUCCION A TESTING,21011
72,SECUNDARIO COMPLETO,NO,INTRODUCCION A TESTING,21011
73,TERCIARIO COMPLETO,NO,INTRODUCCION A TESTING,21011
74,TERCIARIO INCOMPLETO,NO,INTRODUCCION A TESTING,21011
75,UNIVERSITARIO COMPLETO,SI,INTRODUCCION A TESTING,21011
76,UNIVERSITARIO COMPLETO,NO,INTRODUCCION A TESTING,21011
77,UNIVERSITARIO INCOMPLETO,NO,INTRODUCCION A TESTING,21011
78,TERCIARIO INCOMPLETO,SI,INTRODUCCION A TESTING,21011
79,TERCIARIO COMPLETO,SI,INTRODUCCION A TESTING,21011
80,TERCIARIO INCOMPLETO,SI,INTRODUCCION A TESTING,21011
81,S/D,S/D,INTRODUCCION A TESTING,21011
82,SECUNDARIO COMPLETO,NO,INTRODUCCION A TESTING,21011
83,SECUNDARIO COMPLETO,NO,INTRODUCCION A TESTING,21011
84,UNIVERSITARIO INCOMPLETO,SI,INTRODUCCION A TESTING,21011
85,SECUNDARIO COMPLETO,NO,INTRODUCCION A TESTING,21011
86,UNIVERSITARIO INCOMPLETO,NO,INTRODUCCION A TESTING,21011
87,UNIVERSITARIO INCOMPLETO,SI,INTRODUCCION A TESTING,21011
88,SECUNDARIO COMPLETO,NO,INTRODUCCION A TESTING,21011
89,TERCIARIO COMPLETO,NO,INTRODUCCION A TESTING,21011
90,TERCIARIO INCOMPLETO,SI,INTRODUCCION A TESTING,21011
91,TERCIARIO INCOMPLETO,NO,INTRODUCCION A TESTING,21011
92,UNIVERSITARIO INCOMPLETO,SI,INTRODUCCION A TESTING,21011
93,TERCIARIO COMPLETO,SI,INTRODUCCION A TESTING,21011
94,SECUNDARIO COMPLETO,SI,INTRODUCCION A TESTING,21011
95,UNIVERSITARIO INCOMPLETO,NO,INTRODUCCION A TESTING,21011
96,UNIVERSITARIO INCOMPLETO,NO,INTRODUCCION A TESTING,21011
97,SECUNDARIO COMPLETO,SI,INTRODUCCION A TESTING,21011
98,UNIVERSITARIO INCOMPLETO,SI,INTRODUCCION A TESTING,21011
99,UNIVERSITARIO INCOMPLETO,SI,INTRODUCCION A TESTING,21011
100,SECUNDARIO COMPLETO,SI,INTRODUCCION A TESTING,21011
101,UNIVERSITARIO COMPLETO,SI,INTRODUCCION A TESTING,21011
102,SECUNDARIO COMPLETO,NO,INTRODUCCION A TESTING,21011
103,SECUNDARIO COMPLETO,SI,INTRODUCCION A TESTING,21011
104,TERCIARIO COMPLETO,SI,INTRODUCCION A TESTING,21011
105,TERCIARIO INCOMPLETO,NO,INTRODUCCION A TESTING,21011
106,TERCIARIO INCOMPLETO,SI,INTRODUCCION A TESTING,21011
107,TERCIARIO COMPLETO,NO,INTRODUCCION A TESTING,21011
108,SECUNDARIO COMPLETO,NO,INTRODUCCION A TESTING,21011
109,SECUNDARIO COMPLETO,NO,INTRODUCCION A TESTING,21011
110,SECUNDARIO COMPLETO,NO,INTRODUCCION A TESTING,21011
111,UNIVERSITARIO INCOMPLETO,SI,INTRODUCCION A TESTING,21011
112,SECUNDARIO COMPLETO,SI,INTRODUCCION A TESTING,21011
113,SECUNDARIO COMPLETO,NO,INTRODUCCION A TESTING,21011
114,UNIVERSITARIO INCOMPLETO,NO,INTRODUCCION A TESTING,21011
115,SECUNDARIO COMPLETO,NO,INTRODUCCION A TESTING,21011
1191,TERCIARIO INCOMPLETO,NO,INTRODUCCION A TESTING,21011
1193,UNIVERSITARIO INCOMPLETO,SI,INTRODUCCION A TESTING,21011
1204,UNIVERSITARIO COMPLETO,SI,INTRODUCCION A TESTING,21011
1207,UNIVERSITARIO COMPLETO,SI,INTRODUCCION A TESTING,21011
1212,UNIVERSITARIO COMPLETO,SI,INTRODUCCION A TESTING,21011
1214,UNIVERSITARIO COMPLETO,SI,INTRODUCCION A TESTING,21011
1218,UNIVERSITARIO COMPLETO,NO,INTRODUCCION A TESTING,21011
1246,TERCIARIO COMPLETO,NO,INTRODUCCION A TESTING,21011
1255,TERCIARIO COMPLETO,SI,INTRODUCCION A TESTING,21011
1284,SECUNDARIO COMPLETO,SI,INTRODUCCION A TESTING,21011
1285,S/D,S/D,INTRODUCCION A TESTING,21011
1303,UNIVERSITARIO INCOMPLETO,SI,INTRODUCCION A TESTING,21011
1305,S/D,S/D,INTRODUCCION A TESTING,21011
1309,UNIVERSITARIO INCOMPLETO,SI,INTRODUCCION A TESTING,21011
1318,SECUNDARIO COMPLETO,NO,INTRODUCCION A TESTING,21011
1332,UNIVERSITARIO INCOMPLETO,NO,INTRODUCCION A TESTING,21011
1337,UNIVERSITARIO INCOMPLETO,NO,INTRODUCCION A TESTING,21011
1381,UNIVERSITARIO INCOMPLETO,NO,INTRODUCCION A TESTING,21011
1394,UNIVERSITARIO INCOMPLETO,SI,INTRODUCCION A TESTING,21011
1417,UNIVERSITARIO INCOMPLETO,NO,INTRODUCCION A TESTING,21011
1424,UNIVERSITARIO INCOMPLETO,SI,INTRODUCCION A TESTING,21011
1446,UNIVERSITARIO INCOMPLETO,SI,INTRODUCCION A TESTING,21011
1469,UNIVERSITARIO INCOMPLETO,NO,INTRODUCCION A TESTING,21011
1483,TERCIARIO COMPLETO,NO,INTRODUCCION A TESTING,21011
1528,UNIVERSITARIO INCOMPLETO,NO,INTRODUCCION A TESTING,21011
1543,UNIVERSITARIO INCOMPLETO,NO,INTRODUCCION A TESTING,21011
1549,UNIVERSITARIO INCOMPLETO,NO,INTRODUCCION A TESTING,21011
1564,UNIVERSITARIO INCOMPLETO,NO,INTRODUCCION A TESTING,21011
1620,UNIVERSITARIO COMPLETO,SI,INTRODUCCION A TESTING,21011
1,SECUNDARIO COMPLETO,SI,INTRODUCCION A TESTING,21012
2,UNIVERSITARIO INCOMPLETO,SI,INTRODUCCION A TESTING,21012
3,UNIVERSITARIO INCOMPLETO,SI,INTRODUCCION A TESTING,21012
4,SECUNDARIO COMPLETO,NO,INTRODUCCION A TESTING,21012
5,SECUNDARIO COMPLETO,NO,INTRODUCCION A TESTING,21012
6,TERCIARIO COMPLETO,SI,INTRODUCCION A TESTING,21012
7,UNIVERSITARIO INCOMPLETO,SI,INTRODUCCION A TESTING,21012
8,UNIVERSITARIO COMPLETO,SI,INTRODUCCION A TESTING,21012
9,SECUNDARIO COMPLETO,NO,INTRODUCCION A TESTING,21012
10,SECUNDARIO COMPLETO,SI,INTRODUCCION A TESTING,21012
11,UNIVERSITARIO INCOMPLETO,SI,INTRODUCCION A TESTING,21012
12,SECUNDARIO COMPLETO,SI,INTRODUCCION A TESTING,21012
13,SECUNDARIO COMPLETO,NO,INTRODUCCION A TESTING,21012
14,SECUNDARIO COMPLETO,NO,INTRODUCCION A TESTING,21012
15,UNIVERSITARIO INCOMPLETO,SI,INTRODUCCION A TESTING,21012
16,SECUNDARIO COMPLETO,NO,INTRODUCCION A TESTING,21012
17,TERCIARIO COMPLETO,NO,INTRODUCCION A TESTING,21012
18,SECUNDARIO COMPLETO,SI,INTRODUCCION A TESTING,21012
19,UNIVERSITARIO INCOMPLETO,NO,INTRODUCCION A TESTING,21012
20,TERCIARIO INCOMPLETO,SI,INTRODUCCION A TESTING,21012
21,SECUNDARIO COMPLETO,SI,INTRODUCCION A TESTING,21012
22,TERCIARIO INCOMPLETO,NO,INTRODUCCION A TESTING,21012
23,UNIVERSITARIO COMPLETO,SI,INTRODUCCION A TESTING,21012
24,SECUNDARIO COMPLETO,NO,INTRODUCCION A TESTING,21012
25,SECUNDARIO COMPLETO,SI,INTRODUCCION A TESTING,21012
26,SECUNDARIO COMPLETO,SI,INTRODUCCION A TESTING,21012
27,TERCIARIO COMPLETO,SI,INTRODUCCION A TESTING,21012
28,UNIVERSITARIO INCOMPLETO,NO,INTRODUCCION A TESTING,21012
29,SECUNDARIO INCOMPLETO,SI,INTRODUCCION A TESTING,21012
30,SECUNDARIO COMPLETO,SI,INTRODUCCION A TESTING,21012
31,TERCIARIO COMPLETO,SI,INTRODUCCION A TESTING,21012
32,SECUNDARIO COMPLETO,SI,INTRODUCCION A TESTING,21012
33,SECUNDARIO COMPLETO,NO,INTRODUCCION A TESTING,21012
34,UNIVERSITARIO INCOMPLETO,SI,INTRODUCCION A TESTING,21012
35,TERCIARIO INCOMPLETO,SI,INTRODUCCION A TESTING,21012
36,UNIVERSITARIO COMPLETO,SI,INTRODUCCION A TESTING,21012
37,SECUNDARIO COMPLETO,SI,INTRODUCCION A TESTING,21012
38,UNIVERSITARIO INCOMPLETO,NO,INTRODUCCION A TESTING,21012
39,UNIVERSITARIO COMPLETO,SI,INTRODUCCION A TESTING,21012
40,TERCIARIO COMPLETO,NO,INTRODUCCION A TESTING,21012
41,UNIVERSITARIO INCOMPLETO,SI,INTRODUCCION A TESTING,21012
42,SECUNDARIO COMPLETO,NO,INTRODUCCION A TESTING,21012
43,SECUNDARIO COMPLETO,SI,INTRODUCCION A TESTING,21012
44,UNIVERSITARIO COMPLETO,SI,INTRODUCCION A TESTING,21012
45,SECUNDARIO COMPLETO,NO,INTRODUCCION A TESTING,21012
46,SECUNDARIO COMPLETO,NO,INTRODUCCION A TESTING,21012
47,UNIVERSITARIO INCOMPLETO,SI,INTRODUCCION A TESTING,21012
48,SECUNDARIO COMPLETO,SI,INTRODUCCION A TESTING,21012
49,UNIVERSITARIO INCOMPLETO,SI,INTRODUCCION A TESTING,21012
50,SECUNDARIO COMPLETO,NO,INTRODUCCION A TESTING,21012
51,UNIVERSITARIO INCOMPLETO,NO,INTRODUCCION A TESTING,21012
52,TERCIARIO COMPLETO,SI,INTRODUCCION A TESTING,21012
53,SECUNDARIO COMPLETO,NO,INTRODUCCION A TESTING,21012
54,SECUNDARIO COMPLETO,SI,INTRODUCCION A TESTING,21012
55,UNIVERSITARIO INCOMPLETO,SI,INTRODUCCION A TESTING,21012
56,SECUNDARIO COMPLETO,NO,INTRODUCCION A TESTING,21012
57,TERCIARIO COMPLETO,SI,INTRODUCCION A TESTING,21012
58,SECUNDARIO COMPLETO,NO,INTRODUCCION A TESTING,21012
59,SECUNDARIO COMPLETO,SI,INTRODUCCION A TESTING,21012
60,TERCIARIO INCOMPLETO,NO,INTRODUCCION A TESTING,21012
61,SECUNDARIO COMPLETO,SI,INTRODUCCION A TESTING,21012
62,TERCIARIO COMPLETO,NO,INTRODUCCION A TESTING,21012
63,SECUNDARIO COMPLETO,SI,INTRODUCCION A TESTING,21012
64,UNIVERSITARIO INCOMPLETO,SI,INTRODUCCION A TESTING,21012
1348,SECUNDARIO COMPLETO,SI,INTRODUCCION A TESTING,21012
1366,UNIVERSITARIO INCOMPLETO,SI,INTRODUCCION A TESTING,21012
1386,SECUNDARIO INCOMPLETO,SI,INTRODUCCION A TESTING,21012
1387,TERCIARIO COMPLETO,NO,INTRODUCCION A TESTING,21012
1397,TERCIARIO COMPLETO,NO,INTRODUCCION A TESTING,21012
1451,UNIVERSITARIO INCOMPLETO,NO,INTRODUCCION A TESTING,21012
1452,UNIVERSITARIO INCOMPLETO,SI,INTRODUCCION A TESTING,21012
1455,TERCIARIO INCOMPLETO,NO,INTRODUCCION A TESTING,21012
1482,SECUNDARIO COMPLETO,NO,INTRODUCCION A TESTING,21012
1486,UNIVERSITARIO INCOMPLETO,NO,INTRODUCCION A TESTING,21012
1546,SECUNDARIO COMPLETO,NO,INTRODUCCION A TESTING,21012
1559,UNIVERSITARIO INCOMPLETO,NO,INTRODUCCION A TESTING,21012
1582,SECUNDARIO COMPLETO,NO,INTRODUCCION A TESTING,21012
1610,TERCIARIO INCOMPLETO,NO,INTRODUCCION A TESTING,21012
1619,Otro,SI,INTRODUCCION A TESTING,21012
1043,SECUNDARIO COMPLETO,NO,PROGRAMACION FRONT-END,21601
1044,SECUNDARIO COMPLETO,NO,PROGRAMACION FRONT-END,21601
1045,UNIVERSITARIO INCOMPLETO,NO,PROGRAMACION FRONT-END,21601
1046,SECUNDARIO COMPLETO,NO,PROGRAMACION FRONT-END,21601
1047,UNIVERSITARIO INCOMPLETO,NO,PROGRAMACION FRONT-END,21601
1048,UNIVERSITARIO INCOMPLETO,NO,PROGRAMACION FRONT-END,21601
1049,SECUNDARIO COMPLETO,NO,PROGRAMACION FRONT-END,21601
1050,SECUNDARIO COMPLETO,NO,PROGRAMACION FRONT-END,21601
1051,SECUNDARIO COMPLETO,SI,PROGRAMACION FRONT-END,21601
1052,TERCIARIO INCOMPLETO,NO,PROGRAMACION FRONT-END,21601
1053,SECUNDARIO COMPLETO,NO,PROGRAMACION FRONT-END,21601
1054,SECUNDARIO COMPLETO,NO,PROGRAMACION FRONT-END,21601
1055,TERCIARIO INCOMPLETO,SI,PROGRAMACION FRONT-END,21601
1056,UNIVERSITARIO INCOMPLETO,NO,PROGRAMACION FRONT-END,21601
1057,SECUNDARIO COMPLETO,SI,PROGRAMACION FRONT-END,21601
1058,SECUNDARIO COMPLETO,SI,PROGRAMACION FRONT-END,21601
1059,SECUNDARIO COMPLETO,NO,PROGRAMACION FRONT-END,21601
1060,SECUNDARIO COMPLETO,SI,PROGRAMACION FRONT-END,21601
1061,UNIVERSITARIO INCOMPLETO,SI,PROGRAMACION FRONT-END,21601
1062,SECUNDARIO COMPLETO,SI,PROGRAMACION FRONT-END,21601
1063,SECUNDARIO COMPLETO,NO,PROGRAMACION FRONT-END,21601
1064,UNIVERSITARIO INCOMPLETO,NO,PROGRAMACION FRONT-END,21601
1065,TERCIARIO INCOMPLETO,NO,PROGRAMACION FRONT-END,21601
1066,UNIVERSITARIO INCOMPLETO,NO,PROGRAMACION FRONT-END,21601
1067,UNIVERSITARIO INCOMPLETO,SI,PROGRAMACION FRONT-END,21601
1068,SECUNDARIO COMPLETO,SI,PROGRAMACION FRONT-END,21601
1069,UNIVERSITARIO INCOMPLETO,SI,PROGRAMACION FRONT-END,21601
1070,UNIVERSITARIO COMPLETO,NO,PROGRAMACION FRONT-END,21601
1071,SECUNDARIO COMPLETO,SI,PROGRAMACION FRONT-END,21601
1072,SECUNDARIO COMPLETO,NO,PROGRAMACION FRONT-END,21601
1073,UNIVERSITARIO INCOMPLETO,NO,PROGRAMACION FRONT-END,21601
1074,SECUNDARIO COMPLETO,SI,PROGRAMACION FRONT-END,21601
1075,UNIVERSITARIO INCOMPLETO,NO,PROGRAMACION FRONT-END,21601
1076,SECUNDARIO COMPLETO,NO,PROGRAMACION FRONT-END,21601
1077,UNIVERSITARIO INCOMPLETO,NO,PROGRAMACION FRONT-END,21601
1078,UNIVERSITARIO COMPLETO,SI,PROGRAMACION FRONT-END,21601
1079,SECUNDARIO COMPLETO,SI,PROGRAMACION FRONT-END,21601
1080,SECUNDARIO COMPLETO,NO,PROGRAMACION FRONT-END,21601
1081,SECUNDARIO COMPLETO,SI,PROGRAMACION FRONT-END,21601
1082,TERCIARIO COMPLETO,SI,PROGRAMACION FRONT-END,21601
1083,SECUNDARIO COMPLETO,NO,PROGRAMACION FRONT-END,21601
1084,TERCIARIO COMPLETO,NO,PROGRAMACION FRONT-END,21601
1085,SECUNDARIO COMPLETO,NO,PROGRAMACION FRONT-END,21601
1086,SECUNDARIO COMPLETO,NO,PROGRAMACION FRONT-END,21601
1087,SECUNDARIO COMPLETO,NO,PROGRAMACION FRONT-END,21601
1088,TERCIARIO INCOMPLETO,NO,PROGRAMACION FRONT-END,21601
1089,SECUNDARIO COMPLETO,NO,PROGRAMACION FRONT-END,21601
1090,SECUNDARIO COMPLETO,SI,PROGRAMACION FRONT-END,21601
1091,UNIVERSITARIO COMPLETO,SI,PROGRAMACION FRONT-END,21601
1092,UNIVERSITARIO COMPLETO,SI,PROGRAMACION FRONT-END,21601
1093,SECUNDARIO COMPLETO,NO,PROGRAMACION FRONT-END,21601
1094,UNIVERSITARIO INCOMPLETO,SI,PROGRAMACION FRONT-END,21601
1095,UNIVERSITARIO INCOMPLETO,SI,PROGRAMACION FRONT-END,21601
1096,SECUNDARIO COMPLETO,NO,PROGRAMACION FRONT-END,21601
1097,SECUNDARIO COMPLETO,NO,PROGRAMACION FRONT-END,21601
1098,UNIVERSITARIO COMPLETO,SI,PROGRAMACION FRONT-END,21601
1099,SECUNDARIO COMPLETO,SI,PROGRAMACION FRONT-END,21601
1100,UNIVERSITARIO INCOMPLETO,NO,PROGRAMACION FRONT-END,21601
1101,UNIVERSITARIO INCOMPLETO,NO,PROGRAMACION FRONT-END,21601
1102,TERCIARIO INCOMPLETO,SI,PROGRAMACION FRONT-END,21601
1103,TERCIARIO INCOMPLETO,SI,PROGRAMACION FRONT-END,21601
1104,UNIVERSITARIO COMPLETO,NO,PROGRAMACION FRONT-END,21601
1105,SECUNDARIO COMPLETO,SI,PROGRAMACION FRONT-END,21601
1106,SECUNDARIO COMPLETO,SI,PROGRAMACION FRONT-END,21601
1107,UNIVERSITARIO INCOMPLETO,SI,PROGRAMACION FRONT-END,21601
1108,TERCIARIO INCOMPLETO,NO,PROGRAMACION FRONT-END,21601
1109,SECUNDARIO COMPLETO,NO,PROGRAMACION FRONT-END,21601
1110,UNIVERSITARIO INCOMPLETO,SI,PROGRAMACION FRONT-END,21601
1111,TERCIARIO COMPLETO,SI,PROGRAMACION FRONT-END,21601
1112,SECUNDARIO INCOMPLETO,NO,PROGRAMACION FRONT-END,21601
1113,SECUNDARIO COMPLETO,NO,PROGRAMACION FRONT-END,21601
1114,TERCIARIO COMPLETO,SI,PROGRAMACION FRONT-END,21601
1115,UNIVERSITARIO INCOMPLETO,NO,PROGRAMACION FRONT-END,21601
1116,SECUNDARIO COMPLETO,SI,PROGRAMACION FRONT-END,21601
1117,UNIVERSITARIO INCOMPLETO,NO,PROGRAMACION FRONT-END,21601
1118,TERCIARIO COMPLETO,NO,PROGRAMACION FRONT-END,21601
1119,UNIVERSITARIO INCOMPLETO,NO,PROGRAMACION FRONT-END,21601
1120,S/D,S/D,PROGRAMACION FRONT-END,21601
1121,SECUNDARIO COMPLETO,NO,PROGRAMACION FRONT-END,21601
1122,SECUNDARIO COMPLETO,NO,PROGRAMACION FRONT-END,21601
1123,S/D,S/D,PROGRAMACION FRONT-END,21601
1124,UNIVERSITARIO COMPLETO,NO,PROGRAMACION FRONT-END,21601
1125,UNIVERSITARIO INCOMPLETO,SI,PROGRAMACION FRONT-END,21601
1126,TERCIARIO INCOMPLETO,NO,PROGRAMACION FRONT-END,21601
959,UNIVERSITARIO INCOMPLETO,SI,PROGRAMACION FRONT-END,21640
960,UNIVERSITARIO COMPLETO,SI,PROGRAMACION FRONT-END,21640
961,SECUNDARIO COMPLETO,NO,PROGRAMACION FRONT-END,21640
962,UNIVERSITARIO INCOMPLETO,SI,PROGRAMACION FRONT-END,21640
963,SECUNDARIO COMPLETO,NO,PROGRAMACION FRONT-END,21640
964,UNIVERSITARIO INCOMPLETO,NO,PROGRAMACION FRONT-END,21640
965,UNIVERSITARIO COMPLETO,SI,PROGRAMACION FRONT-END,21640
966,TERCIARIO COMPLETO,NO,PROGRAMACION FRONT-END,21640
967,UNIVERSITARIO COMPLETO,SI,PROGRAMACION FRONT-END,21640
968,UNIVERSITARIO INCOMPLETO,SI,PROGRAMACION FRONT-END,21640
969,TERCIARIO COMPLETO,NO,PROGRAMACION FRONT-END,21640
970,SECUNDARIO COMPLETO,NO,PROGRAMACION FRONT-END,21640
971,TERCIARIO COMPLETO,NO,PROGRAMACION FRONT-END,21640
972,UNIVERSITARIO INCOMPLETO,NO,PROGRAMACION FRONT-END,21640
973,SECUNDARIO COMPLETO,SI,PROGRAMACION FRONT-END,21640
974,SECUNDARIO COMPLETO,NO,PROGRAMACION FRONT-END,21640
975,UNIVERSITARIO INCOMPLETO,SI,PROGRAMACION FRONT-END,21640
976,SECUNDARIO COMPLETO,NO,PROGRAMACION FRONT-END,21640
977,UNIVERSITARIO INCOMPLETO,NO,PROGRAMACION FRONT-END,21640
978,SECUNDARIO COMPLETO,NO,PROGRAMACION FRONT-END,21640
979,SECUNDARIO COMPLETO,SI,PROGRAMACION FRONT-END,21640
980,TERCIARIO INCOMPLETO,SI,PROGRAMACION FRONT-END,21640
981,SECUNDARIO COMPLETO,NO,PROGRAMACION FRONT-END,21640
982,SECUNDARIO COMPLETO,NO,PROGRAMACION FRONT-END,21640
983,UNIVERSITARIO COMPLETO,SI,PROGRAMACION FRONT-END,21640
984,SECUNDARIO COMPLETO,SI,PROGRAMACION FRONT-END,21640
985,SECUNDARIO COMPLETO,NO,PROGRAMACION FRONT-END,21640
986,SECUNDARIO COMPLETO,SI,PROGRAMACION FRONT-END,21640
987,UNIVERSITARIO INCOMPLETO,SI,PROGRAMACION FRONT-END,21640
988,TERCIARIO COMPLETO,SI,PROGRAMACION FRONT-END,21640
989,UNIVERSITARIO INCOMPLETO,NO,PROGRAMACION FRONT-END,21640
990,SECUNDARIO COMPLETO,SI,PROGRAMACION FRONT-END,21640
991,SECUNDARIO COMPLETO,NO,PROGRAMACION FRONT-END,21640
992,UNIVERSITARIO INCOMPLETO,SI,PROGRAMACION FRONT-END,21640
993,SECUNDARIO COMPLETO,NO,PROGRAMACION FRONT-END,21640
994,UNIVERSITARIO INCOMPLETO,SI,PROGRAMACION FRONT-END,21640
995,SECUNDARIO COMPLETO,NO,PROGRAMACION FRONT-END,21640
996,UNIVERSITARIO INCOMPLETO,NO,PROGRAMACION FRONT-END,21640
997,SECUNDARIO COMPLETO,NO,PROGRAMACION FRONT-END,21640
998,S/D,S/D,PROGRAMACION FRONT-END,21640
999,SECUNDARIO COMPLETO,NO,PROGRAMACION FRONT-END,21640
1000,UNIVERSITARIO INCOMPLETO,NO,PROGRAMACION FRONT-END,21640
1001,TERCIARIO COMPLETO,SI,PROGRAMACION FRONT-END,21640
1002,UNIVERSITARIO INCOMPLETO,SI,PROGRAMACION FRONT-END,21640
1003,SECUNDARIO COMPLETO,NO,PROGRAMACION FRONT-END,21640
1004,TERCIARIO COMPLETO,NO,PROGRAMACION FRONT-END,21640
1005,UNIVERSITARIO INCOMPLETO,SI,PROGRAMACION FRONT-END,21640
1006,SECUNDARIO COMPLETO,NO,PROGRAMACION FRONT-END,21640
1007,SECUNDARIO COMPLETO,SI,PROGRAMACION FRONT-END,21640
1008,UNIVERSITARIO INCOMPLETO,SI,PROGRAMACION FRONT-END,21640
1009,UNIVERSITARIO INCOMPLETO,SI,PROGRAMACION FRONT-END,21640
1010,TERCIARIO COMPLETO,SI,PROGRAMACION FRONT-END,21640
1011,SECUNDARIO COMPLETO,NO,PROGRAMACION FRONT-END,21640
1012,TERCIARIO INCOMPLETO,SI,PROGRAMACION FRONT-END,21640
1013,TERCIARIO INCOMPLETO,SI,PROGRAMACION FRONT-END,21640
1014,TERCIARIO INCOMPLETO,NO,PROGRAMACION FRONT-END,21640
1015,SECUNDARIO COMPLETO,SI,PROGRAMACION FRONT-END,21640
1016,UNIVERSITARIO INCOMPLETO,SI,PROGRAMACION FRONT-END,21640
1017,SECUNDARIO COMPLETO,SI,PROGRAMACION FRONT-END,21640
1018,TERCIARIO COMPLETO,SI,PROGRAMACION FRONT-END,21640
1019,UNIVERSITARIO INCOMPLETO,SI,PROGRAMACION FRONT-END,21640
1020,SECUNDARIO COMPLETO,NO,PROGRAMACION FRONT-END,21640
1021,SECUNDARIO COMPLETO,SI,PROGRAMACION FRONT-END,21640
1022,TERCIARIO INCOMPLETO,SI,PROGRAMACION FRONT-END,21640
1023,TERCIARIO COMPLETO,SI,PROGRAMACION FRONT-END,21640
1024,SECUNDARIO COMPLETO,SI,PROGRAMACION FRONT-END,21640
1025,SECUNDARIO COMPLETO,NO,PROGRAMACION FRONT-END,21640
1026,TERCIARIO INCOMPLETO,SI,PROGRAMACION FRONT-END,21640
1027,TERCIARIO INCOMPLETO,SI,PROGRAMACION FRONT-END,21640
1028,SECUNDARIO COMPLETO,SI,PROGRAMACION FRONT-END,21640
1029,UNIVERSITARIO INCOMPLETO,SI,PROGRAMACION FRONT-END,21640
1030,SECUNDARIO COMPLETO,NO,PROGRAMACION FRONT-END,21640
1031,TERCIARIO COMPLETO,SI,PROGRAMACION FRONT-END,21640
1032,TERCIARIO COMPLETO,SI,PROGRAMACION FRONT-END,21640
1033,UNIVERSITARIO INCOMPLETO,SI,PROGRAMACION FRONT-END,21640
1034,UNIVERSITARIO COMPLETO,NO,PROGRAMACION FRONT-END,21640
1035,UNIVERSITARIO INCOMPLETO,NO,PROGRAMACION FRONT-END,21640
1036,SECUNDARIO COMPLETO,SI,PROGRAMACION FRONT-END,21640
1037,UNIVERSITARIO INCOMPLETO,NO,PROGRAMACION FRONT-END,21640
1038,SECUNDARIO COMPLETO,NO,PROGRAMACION FRONT-END,21640
1039,UNIVERSITARIO INCOMPLETO,NO,PROGRAMACION FRONT-END,21640
1040,UNIVERSITARIO INCOMPLETO,NO,PROGRAMACION FRONT-END,21640
1041,SECUNDARIO COMPLETO,SI,PROGRAMACION FRONT-END,21640
1042,UNIVERSITARIO INCOMPLETO,NO,PROGRAMACION FRONT-END,21640
875,SECUNDARIO COMPLETO,NO,PROGRAMACION FRONT-END,21641
876,UNIVERSITARIO INCOMPLETO,NO,PROGRAMACION FRONT-END,21641
877,UNIVERSITARIO INCOMPLETO,NO,PROGRAMACION FRONT-END,21641
878,TERCIARIO COMPLETO,SI,PROGRAMACION FRONT-END,21641
879,SECUNDARIO COMPLETO,SI,PROGRAMACION FRONT-END,21641
880,TERCIARIO INCOMPLETO,NO,PROGRAMACION FRONT-END,21641
881,TERCIARIO COMPLETO,NO,PROGRAMACION FRONT-END,21641
882,UNIVERSITARIO INCOMPLETO,SI,PROGRAMACION FRONT-END,21641
883,SECUNDARIO COMPLETO,NO,PROGRAMACION FRONT-END,21641
884,UNIVERSITARIO INCOMPLETO,NO,PROGRAMACION FRONT-END,21641
885,UNIVERSITARIO INCOMPLETO,NO,PROGRAMACION FRONT-END,21641
886,SECUNDARIO COMPLETO,NO,PROGRAMACION FRONT-END,21641
887,UNIVERSITARIO INCOMPLETO,SI,PROGRAMACION FRONT-END,21641
888,UNIVERSITARIO INCOMPLETO,NO,PROGRAMACION FRONT-END,21641
889,SECUNDARIO COMPLETO,SI,PROGRAMACION FRONT-END,21641
890,UNIVERSITARIO INCOMPLETO,NO,PROGRAMACION FRONT-END,21641
891,UNIVERSITARIO INCOMPLETO,NO,PROGRAMACION FRONT-END,21641
892,SECUNDARIO COMPLETO,NO,PROGRAMACION FRONT-END,21641
893,SECUNDARIO COMPLETO,NO,PROGRAMACION FRONT-END,21641
894,SECUNDARIO COMPLETO,SI,PROGRAMACION FRONT-END,21641
895,UNIVERSITARIO INCOMPLETO,NO,PROGRAMACION FRONT-END,21641
896,SECUNDARIO COMPLETO,NO,PROGRAMACION FRONT-END,21641
897,SECUNDARIO COMPLETO,NO,PROGRAMACION FRONT-END,21641
898,TERCIARIO INCOMPLETO,NO,PROGRAMACION FRONT-END,21641
899,SECUNDARIO COMPLETO,NO,PROGRAMACION FRONT-END,21641
900,UNIVERSITARIO INCOMPLETO,NO,PROGRAMACION FRONT-END,21641
901,UNIVERSITARIO INCOMPLETO,NO,PROGRAMACION FRONT-END,21641
902,SECUNDARIO COMPLETO,SI,PROGRAMACION FRONT-END,21641
903,UNIVERSITARIO INCOMPLETO,NO,PROGRAMACION FRONT-END,21641
904,SECUNDARIO COMPLETO,NO,PROGRAMACION FRONT-END,21641
905,SECUNDARIO COMPLETO,NO,PROGRAMACION FRONT-END,21641
906,SECUNDARIO COMPLETO,SI,PROGRAMACION FRONT-END,21641
907,SECUNDARIO COMPLETO,NO,PROGRAMACION FRONT-END,21641
908,UNIVERSITARIO INCOMPLETO,SI,PROGRAMACION FRONT-END,21641
909,TERCIARIO COMPLETO,SI,PROGRAMACION FRONT-END,21641
910,SECUNDARIO COMPLETO,SI,PROGRAMACION FRONT-END,21641
911,TERCIARIO INCOMPLETO,SI,PROGRAMACION FRONT-END,21641
912,SECUNDARIO COMPLETO,SI,PROGRAMACION FRONT-END,21641
913,UNIVERSITARIO COMPLETO,SI,PROGRAMACION FRONT-END,21641
914,UNIVERSITARIO INCOMPLETO,SI,PROGRAMACION FRONT-END,21641
915,UNIVERSITARIO INCOMPLETO,NO,PROGRAMACION FRONT-END,21641
916,UNIVERSITARIO INCOMPLETO,NO,PROGRAMACION FRONT-END,21641
917,OTRO,NO,PROGRAMACION FRONT-END,21641
918,UNIVERSITARIO COMPLETO,SI,PROGRAMACION FRONT-END,21641
919,UNIVERSITARIO INCOMPLETO,NO,PROGRAMACION FRONT-END,21641
920,UNIVERSITARIO INCOMPLETO,SI,PROGRAMACION FRONT-END,21641
921,UNIVERSITARIO INCOMPLETO,SI,PROGRAMACION FRONT-END,21641
922,SECUNDARIO COMPLETO,NO,PROGRAMACION FRONT-END,21641
923,UNIVERSITARIO INCOMPLETO,NO,PROGRAMACION FRONT-END,21641
924,SECUNDARIO COMPLETO,SI,PROGRAMACION FRONT-END,21641
925,SECUNDARIO COMPLETO,SI,PROGRAMACION FRONT-END,21641
926,UNIVERSITARIO INCOMPLETO,NO,PROGRAMACION FRONT-END,21641
927,SECUNDARIO INCOMPLETO,NO,PROGRAMACION FRONT-END,21641
928,SECUNDARIO COMPLETO,NO,PROGRAMACION FRONT-END,21641
929,UNIVERSITARIO INCOMPLETO,SI,PROGRAMACION FRONT-END,21641
930,UNIVERSITARIO COMPLETO,SI,PROGRAMACION FRONT-END,21641
931,SECUNDARIO COMPLETO,NO,PROGRAMACION FRONT-END,21641
932,SECUNDARIO COMPLETO,SI,PROGRAMACION FRONT-END,21641
933,SECUNDARIO COMPLETO,SI,PROGRAMACION FRONT-END,21641
934,SECUNDARIO COMPLETO,SI,PROGRAMACION FRONT-END,21641
935,UNIVERSITARIO INCOMPLETO,SI,PROGRAMACION FRONT-END,21641
936,SECUNDARIO COMPLETO,NO,PROGRAMACION FRONT-END,21641
937,SECUNDARIO COMPLETO,NO,PROGRAMACION FRONT-END,21641
938,TERCIARIO COMPLETO,SI,PROGRAMACION FRONT-END,21641
939,TERCIARIO COMPLETO,NO,PROGRAMACION FRONT-END,21641
940,SECUNDARIO COMPLETO,SI,PROGRAMACION FRONT-END,21641
941,SECUNDARIO COMPLETO,SI,PROGRAMACION FRONT-END,21641
942,UNIVERSITARIO COMPLETO,NO,PROGRAMACION FRONT-END,21641
943,SECUNDARIO COMPLETO,NO,PROGRAMACION FRONT-END,21641
944,UNIVERSITARIO INCOMPLETO,SI,PROGRAMACION FRONT-END,21641
945,SECUNDARIO COMPLETO,SI,PROGRAMACION FRONT-END,21641
946,UNIVERSITARIO INCOMPLETO,NO,PROGRAMACION FRONT-END,21641
947,UNIVERSITARIO INCOMPLETO,NO,PROGRAMACION FRONT-END,21641
948,SECUNDARIO COMPLETO,NO,PROGRAMACION FRONT-END,21641
949,SECUNDARIO COMPLETO,NO,PROGRAMACION FRONT-END,21641
950,UNIVERSITARIO INCOMPLETO,SI,PROGRAMACION FRONT-END,21641
951,TERCIARIO COMPLETO,SI,PROGRAMACION FRONT-END,21641
952,TERCIARIO INCOMPLETO,NO,PROGRAMACION FRONT-END,21641
953,UNIVERSITARIO INCOMPLETO,NO,PROGRAMACION FRONT-END,21641
954,TERCIARIO COMPLETO,SI,PROGRAMACION FRONT-END,21641
955,SECUNDARIO COMPLETO,NO,PROGRAMACION FRONT-END,21641
956,UNIVERSITARIO INCOMPLETO,NO,PROGRAMACION FRONT-END,21641
957,OTRO,NO,PROGRAMACION FRONT-END,21641
958,SECUNDARIO COMPLETO,SI,PROGRAMACION FRONT-END,21641
791,SECUNDARIO COMPLETO,SI,PROGRAMACION FRONT-END,21642
792,UNIVERSITARIO INCOMPLETO,NO,PROGRAMACION FRONT-END,21642
793,SECUNDARIO COMPLETO,NO,PROGRAMACION FRONT-END,21642
794,SECUNDARIO COMPLETO,NO,PROGRAMACION FRONT-END,21642
795,TERCIARIO COMPLETO,SI,PROGRAMACION FRONT-END,21642
796,SECUNDARIO COMPLETO,SI,PROGRAMACION FRONT-END,21642
797,UNIVERSITARIO INCOMPLETO,SI,PROGRAMACION FRONT-END,21642
798,TERCIARIO COMPLETO,NO,PROGRAMACION FRONT-END,21642
799,UNIVERSITARIO INCOMPLETO,NO,PROGRAMACION FRONT-END,21642
800,UNIVERSITARIO INCOMPLETO,NO,PROGRAMACION FRONT-END,21642
801,SECUNDARIO COMPLETO,NO,PROGRAMACION FRONT-END,21642
802,SECUNDARIO COMPLETO,NO,PROGRAMACION FRONT-END,21642
803,SECUNDARIO COMPLETO,NO,PROGRAMACION FRONT-END,21642
804,UNIVERSITARIO INCOMPLETO,SI,PROGRAMACION FRONT-END,21642
805,UNIVERSITARIO INCOMPLETO,SI,PROGRAMACION FRONT-END,21642
806,UNIVERSITARIO INCOMPLETO,SI,PROGRAMACION FRONT-END,21642
807,UNIVERSITARIO INCOMPLETO,NO,PROGRAMACION FRONT-END,21642
808,UNIVERSITARIO COMPLETO,SI,PROGRAMACION FRONT-END,21642
809,TERCIARIO INCOMPLETO,SI,PROGRAMACION FRONT-END,21642
810,UNIVERSITARIO INCOMPLETO,SI,PROGRAMACION FRONT-END,21642
811,SECUNDARIO COMPLETO,SI,PROGRAMACION FRONT-END,21642
812,UNIVERSITARIO INCOMPLETO,NO,PROGRAMACION FRONT-END,21642
813,UNIVERSITARIO COMPLETO,NO,PROGRAMACION FRONT-END,21642
814,TERCIARIO COMPLETO,SI,PROGRAMACION FRONT-END,21642
815,SECUNDARIO COMPLETO,NO,PROGRAMACION FRONT-END,21642
816,TERCIARIO INCOMPLETO,NO,PROGRAMACION FRONT-END,21642
817,SECUNDARIO COMPLETO,SI,PROGRAMACION FRONT-END,21642
818,SECUNDARIO COMPLETO,NO,PROGRAMACION FRONT-END,21642
819,UNIVERSITARIO INCOMPLETO,NO,PROGRAMACION FRONT-END,21642
820,SECUNDARIO COMPLETO,SI,PROGRAMACION FRONT-END,21642
821,SECUNDARIO COMPLETO,NO,PROGRAMACION FRONT-END,21642
822,UNIVERSITARIO INCOMPLETO,SI,PROGRAMACION FRONT-END,21642
823,TERCIARIO INCOMPLETO,NO,PROGRAMACION FRONT-END,21642
824,SECUNDARIO COMPLETO,SI,PROGRAMACION FRONT-END,21642
825,TERCIARIO COMPLETO,SI,PROGRAMACION FRONT-END,21642
826,TERCIARIO INCOMPLETO,SI,PROGRAMACION FRONT-END,21642
827,TERCIARIO INCOMPLETO,SI,PROGRAMACION FRONT-END,21642
828,SECUNDARIO COMPLETO,SI,PROGRAMACION FRONT-END,21642
829,SECUNDARIO COMPLETO,SI,PROGRAMACION FRONT-END,21642
830,TERCIARIO INCOMPLETO,NO,PROGRAMACION FRONT-END,21642
831,SECUNDARIO COMPLETO,NO,PROGRAMACION FRONT-END,21642
832,UNIVERSITARIO INCOMPLETO,NO,PROGRAMACION FRONT-END,21642
833,SECUNDARIO COMPLETO,NO,PROGRAMACION FRONT-END,21642
834,UNIVERSITARIO COMPLETO,SI,PROGRAMACION FRONT-END,21642
835,UNIVERSITARIO INCOMPLETO,NO,PROGRAMACION FRONT-END,21642
836,UNIVERSITARIO INCOMPLETO,SI,PROGRAMACION FRONT-END,21642
837,SECUNDARIO COMPLETO,NO,PROGRAMACION FRONT-END,21642
838,UNIVERSITARIO INCOMPLETO,SI,PROGRAMACION FRONT-END,21642
839,UNIVERSITARIO COMPLETO,SI,PROGRAMACION FRONT-END,21642
840,UNIVERSITARIO INCOMPLETO,NO,PROGRAMACION FRONT-END,21642
841,UNIVERSITARIO INCOMPLETO,NO,PROGRAMACION FRONT-END,21642
842,UNIVERSITARIO INCOMPLETO,SI,PROGRAMACION FRONT-END,21642
843,UNIVERSITARIO INCOMPLETO,NO,PROGRAMACION FRONT-END,21642
844,SECUNDARIO COMPLETO,NO,PROGRAMACION FRONT-END,21642
845,UNIVERSITARIO INCOMPLETO,NO,PROGRAMACION FRONT-END,21642
846,UNIVERSITARIO COMPLETO,SI,PROGRAMACION FRONT-END,21642
847,UNIVERSITARIO INCOMPLETO,NO,PROGRAMACION FRONT-END,21642
848,SECUNDARIO COMPLETO,SI,PROGRAMACION FRONT-END,21642
849,SECUNDARIO COMPLETO,NO,PROGRAMACION FRONT-END,21642
850,UNIVERSITARIO COMPLETO,SI,PROGRAMACION FRONT-END,21642
851,UNIVERSITARIO INCOMPLETO,NO,PROGRAMACION FRONT-END,21642
852,SECUNDARIO COMPLETO,SI,PROGRAMACION FRONT-END,21642
853,SECUNDARIO COMPLETO,NO,PROGRAMACION FRONT-END,21642
854,SECUNDARIO COMPLETO,SI,PROGRAMACION FRONT-END,21642
855,UNIVERSITARIO INCOMPLETO,SI,PROGRAMACION FRONT-END,21642
856,UNIVERSITARIO INCOMPLETO,SI,PROGRAMACION FRONT-END,21642
857,TERCIARIO INCOMPLETO,SI,PROGRAMACION FRONT-END,21642
858,TERCIARIO INCOMPLETO,NO,PROGRAMACION FRONT-END,21642
859,SECUNDARIO COMPLETO,SI,PROGRAMACION FRONT-END,21642
860,TERCIARIO COMPLETO,NO,PROGRAMACION FRONT-END,21642
861,UNIVERSITARIO INCOMPLETO,SI,PROGRAMACION FRONT-END,21642
862,UNIVERSITARIO INCOMPLETO,SI,PROGRAMACION FRONT-END,21642
863,UNIVERSITARIO INCOMPLETO,NO,PROGRAMACION FRONT-END,21642
864,SECUNDARIO COMPLETO,SI,PROGRAMACION FRONT-END,21642
865,UNIVERSITARIO COMPLETO,SI,PROGRAMACION FRONT-END,21642
866,UNIVERSITARIO INCOMPLETO,SI,PROGRAMACION FRONT-END,21642
867,SECUNDARIO COMPLETO,SI,PROGRAMACION FRONT-END,21642
868,TERCIARIO COMPLETO,NO,PROGRAMACION FRONT-END,21642
869,TERCIARIO COMPLETO,SI,PROGRAMACION FRONT-END,21642
870,UNIVERSITARIO INCOMPLETO,SI,PROGRAMACION FRONT-END,21642
871,TERCIARIO COMPLETO,SI,PROGRAMACION FRONT-END,21642
872,SECUNDARIO COMPLETO,NO,PROGRAMACION FRONT-END,21642
873,UNIVERSITARIO INCOMPLETO,NO,PROGRAMACION FRONT-END,21642
874,UNIVERSITARIO INCOMPLETO,NO,PROGRAMACION FRONT-END,21642
707,UNIVERSITARIO INCOMPLETO,NO,PROGRAMACION FRONT-END,21643
708,UNIVERSITARIO INCOMPLETO,SI,PROGRAMACION FRONT-END,21643
709,UNIVERSITARIO INCOMPLETO,SI,PROGRAMACION FRONT-END,21643
710,SECUNDARIO COMPLETO,NO,PROGRAMACION FRONT-END,21643
711,SECUNDARIO COMPLETO,SI,PROGRAMACION FRONT-END,21643
712,TERCIARIO COMPLETO,SI,PROGRAMACION FRONT-END,21643
713,SECUNDARIO COMPLETO,NO,PROGRAMACION FRONT-END,21643
714,UNIVERSITARIO INCOMPLETO,NO,PROGRAMACION FRONT-END,21643
715,SECUNDARIO COMPLETO,SI,PROGRAMACION FRONT-END,21643
716,S/D,S/D,PROGRAMACION FRONT-END,21643
717,UNIVERSITARIO INCOMPLETO,NO,PROGRAMACION FRONT-END,21643
718,TERCIARIO INCOMPLETO,NO,PROGRAMACION FRONT-END,21643
719,UNIVERSITARIO INCOMPLETO,SI,PROGRAMACION FRONT-END,21643
720,UNIVERSITARIO INCOMPLETO,NO,PROGRAMACION FRONT-END,21643
721,SECUNDARIO COMPLETO,NO,PROGRAMACION FRONT-END,21643
722,SECUNDARIO COMPLETO,SI,PROGRAMACION FRONT-END,21643
723,UNIVERSITARIO INCOMPLETO,NO,PROGRAMACION FRONT-END,21643
724,SECUNDARIO COMPLETO,NO,PROGRAMACION FRONT-END,21643
725,UNIVERSITARIO INCOMPLETO,NO,PROGRAMACION FRONT-END,21643
726,SECUNDARIO COMPLETO,NO,PROGRAMACION FRONT-END,21643
727,UNIVERSITARIO COMPLETO,SI,PROGRAMACION FRONT-END,21643
728,UNIVERSITARIO INCOMPLETO,SI,PROGRAMACION FRONT-END,21643
729,UNIVERSITARIO INCOMPLETO,SI,PROGRAMACION FRONT-END,21643
730,UNIVERSITARIO INCOMPLETO,NO,PROGRAMACION FRONT-END,21643
731,SECUNDARIO COMPLETO,NO,PROGRAMACION FRONT-END,21643
732,TERCIARIO INCOMPLETO,SI,PROGRAMACION FRONT-END,21643
733,SECUNDARIO COMPLETO,NO,PROGRAMACION FRONT-END,21643
734,UNIVERSITARIO INCOMPLETO,SI,PROGRAMACION FRONT-END,21643
735,SECUNDARIO COMPLETO,SI,PROGRAMACION FRONT-END,21643
736,TERCIARIO INCOMPLETO,SI,PROGRAMACION FRONT-END,21643
737,TERCIARIO COMPLETO,SI,PROGRAMACION FRONT-END,21643
738,UNIVERSITARIO INCOMPLETO,SI,PROGRAMACION FRONT-END,21643
739,SECUNDARIO COMPLETO,NO,PROGRAMACION FRONT-END,21643
740,SECUNDARIO COMPLETO,SI,PROGRAMACION FRONT-END,21643
741,UNIVERSITARIO INCOMPLETO,NO,PROGRAMACION FRONT-END,21643
742,S/D,S/D,PROGRAMACION FRONT-END,21643
743,UNIVERSITARIO COMPLETO,SI,PROGRAMACION FRONT-END,21643
744,SECUNDARIO COMPLETO,SI,PROGRAMACION FRONT-END,21643
745,UNIVERSITARIO COMPLETO,SI,PROGRAMACION FRONT-END,21643
746,SECUNDARIO COMPLETO,SI,PROGRAMACION FRONT-END,21643
747,SECUNDARIO COMPLETO,NO,PROGRAMACION FRONT-END,21643
748,SECUNDARIO COMPLETO,NO,PROGRAMACION FRONT-END,21643
749,SECUNDARIO COMPLETO,NO,PROGRAMACION FRONT-END,21643
750,UNIVERSITARIO INCOMPLETO,NO,PROGRAMACION FRONT-END,21643
751,SECUNDARIO COMPLETO,SI,PROGRAMACION FRONT-END,21643
752,UNIVERSITARIO INCOMPLETO,SI,PROGRAMACION FRONT-END,21643
753,TERCIARIO COMPLETO,SI,PROGRAMACION FRONT-END,21643
754,UNIVERSITARIO INCOMPLETO,NO,PROGRAMACION FRONT-END,21643
755,UNIVERSITARIO INCOMPLETO,NO,PROGRAMACION FRONT-END,21643
756,UNIVERSITARIO COMPLETO,SI,PROGRAMACION FRONT-END,21643
757,SECUNDARIO COMPLETO,SI,PROGRAMACION FRONT-END,21643
758,UNIVERSITARIO COMPLETO,SI,PROGRAMACION FRONT-END,21643
759,SECUNDARIO COMPLETO,SI,PROGRAMACION FRONT-END,21643
760,UNIVERSITARIO INCOMPLETO,SI,PROGRAMACION FRONT-END,21643
761,TERCIARIO COMPLETO,SI,PROGRAMACION FRONT-END,21643
762,UNIVERSITARIO INCOMPLETO,NO,PROGRAMACION FRONT-END,21643
763,UNIVERSITARIO INCOMPLETO,SI,PROGRAMACION FRONT-END,21643
764,SECUNDARIO COMPLETO,NO,PROGRAMACION FRONT-END,21643
765,SECUNDARIO COMPLETO,NO,PROGRAMACION FRONT-END,21643
766,SECUNDARIO COMPLETO,SI,PROGRAMACION FRONT-END,21643
767,SECUNDARIO COMPLETO,NO,PROGRAMACION FRONT-END,21643
768,TERCIARIO COMPLETO,SI,PROGRAMACION FRONT-END,21643
769,UNIVERSITARIO INCOMPLETO,SI,PROGRAMACION FRONT-END,21643
770,UNIVERSITARIO INCOMPLETO,SI,PROGRAMACION FRONT-END,21643
771,UNIVERSITARIO INCOMPLETO,SI,PROGRAMACION FRONT-END,21643
772,UNIVERSITARIO COMPLETO,SI,PROGRAMACION FRONT-END,21643
773,OTRO,NO,PROGRAMACION FRONT-END,21643
774,UNIVERSITARIO COMPLETO,SI,PROGRAMACION FRONT-END,21643
775,UNIVERSITARIO INCOMPLETO,SI,PROGRAMACION FRONT-END,21643
776,TERCIARIO COMPLETO,SI,PROGRAMACION FRONT-END,21643
777,TERCIARIO COMPLETO,SI,PROGRAMACION FRONT-END,21643
778,TERCIARIO COMPLETO,SI,PROGRAMACION FRONT-END,21643
779,TERCIARIO COMPLETO,NO,PROGRAMACION FRONT-END,21643
780,UNIVERSITARIO COMPLETO,SI,PROGRAMACION FRONT-END,21643
781,TERCIARIO COMPLETO,SI,PROGRAMACION FRONT-END,21643
782,SECUNDARIO COMPLETO,NO,PROGRAMACION FRONT-END,21643
783,S/D,S/D,PROGRAMACION FRONT-END,21643
784,UNIVERSITARIO INCOMPLETO,SI,PROGRAMACION FRONT-END,21643
785,TERCIARIO COMPLETO,SI,PROGRAMACION FRONT-END,21643
786,UNIVERSITARIO INCOMPLETO,SI,PROGRAMACION FRONT-END,21643
787,TERCIARIO INCOMPLETO,NO,PROGRAMACION FRONT-END,21643
788,UNIVERSITARIO INCOMPLETO,SI,PROGRAMACION FRONT-END,21643
789,SECUNDARIO COMPLETO,SI,PROGRAMACION FRONT-END,21643
790,SECUNDARIO COMPLETO,SI,PROGRAMACION FRONT-END,21643
623,TERCIARIO INCOMPLETO,SI,PROGRAMACION FRONT-END,21644
624,SECUNDARIO COMPLETO,NO,PROGRAMACION FRONT-END,21644
625,UNIVERSITARIO COMPLETO,SI,PROGRAMACION FRONT-END,21644
626,UNIVERSITARIO INCOMPLETO,NO,PROGRAMACION FRONT-END,21644
627,SECUNDARIO COMPLETO,NO,PROGRAMACION FRONT-END,21644
628,S/D,S/D,PROGRAMACION FRONT-END,21644
629,UNIVERSITARIO COMPLETO,SI,PROGRAMACION FRONT-END,21644
630,SECUNDARIO COMPLETO,SI,PROGRAMACION FRONT-END,21644
631,SECUNDARIO COMPLETO,NO,PROGRAMACION FRONT-END,21644
632,UNIVERSITARIO INCOMPLETO,NO,PROGRAMACION FRONT-END,21644
633,SECUNDARIO COMPLETO,SI,PROGRAMACION FRONT-END,21644
634,TERCIARIO INCOMPLETO,SI,PROGRAMACION FRONT-END,21644
635,UNIVERSITARIO COMPLETO,SI,PROGRAMACION FRONT-END,21644
636,SECUNDARIO COMPLETO,SI,PROGRAMACION FRONT-END,21644
637,SECUNDARIO COMPLETO,NO,PROGRAMACION FRONT-END,21644
638,UNIVERSITARIO INCOMPLETO,NO,PROGRAMACION FRONT-END,21644
639,SECUNDARIO COMPLETO,SI,PROGRAMACION FRONT-END,21644
640,UNIVERSITARIO INCOMPLETO,NO,PROGRAMACION FRONT-END,21644
641,TERCIARIO INCOMPLETO,NO,PROGRAMACION FRONT-END,21644
642,SECUNDARIO COMPLETO,NO,PROGRAMACION FRONT-END,21644
643,UNIVERSITARIO INCOMPLETO,SI,PROGRAMACION FRONT-END,21644
644,SECUNDARIO COMPLETO,NO,PROGRAMACION FRONT-END,21644
645,UNIVERSITARIO INCOMPLETO,NO,PROGRAMACION FRONT-END,21644
646,UNIVERSITARIO COMPLETO,NO,PROGRAMACION FRONT-END,21644
647,SECUNDARIO COMPLETO,SI,PROGRAMACION FRONT-END,21644
648,TERCIARIO INCOMPLETO,SI,PROGRAMACION FRONT-END,21644
649,UNIVERSITARIO INCOMPLETO,NO,PROGRAMACION FRONT-END,21644
650,UNIVERSITARIO COMPLETO,SI,PROGRAMACION FRONT-END,21644
651,UNIVERSITARIO INCOMPLETO,NO,PROGRAMACION FRONT-END,21644
652,UNIVERSITARIO INCOMPLETO,NO,PROGRAMACION FRONT-END,21644
653,TERCIARIO INCOMPLETO,NO,PROGRAMACION FRONT-END,21644
654,UNIVERSITARIO INCOMPLETO,SI,PROGRAMACION FRONT-END,21644
655,SECUNDARIO COMPLETO,NO,PROGRAMACION FRONT-END,21644
656,UNIVERSITARIO INCOMPLETO,NO,PROGRAMACION FRONT-END,21644
657,UNIVERSITARIO INCOMPLETO,SI,PROGRAMACION FRONT-END,21644
658,TERCIARIO INCOMPLETO,SI,PROGRAMACION FRONT-END,21644
659,UNIVERSITARIO INCOMPLETO,NO,PROGRAMACION FRONT-END,21644
660,SECUNDARIO COMPLETO,NO,PROGRAMACION FRONT-END,21644
661,UNIVERSITARIO COMPLETO,NO,PROGRAMACION FRONT-END,21644
662,SECUNDARIO COMPLETO,NO,PROGRAMACION FRONT-END,21644
663,TERCIARIO INCOMPLETO,NO,PROGRAMACION FRONT-END,21644
664,SECUNDARIO COMPLETO,NO,PROGRAMACION FRONT-END,21644
665,SECUNDARIO COMPLETO,NO,PROGRAMACION FRONT-END,21644
666,SECUNDARIO COMPLETO,NO,PROGRAMACION FRONT-END,21644
667,SECUNDARIO COMPLETO,NO,PROGRAMACION FRONT-END,21644
668,SECUNDARIO INCOMPLETO,SI,PROGRAMACION FRONT-END,21644
669,SECUNDARIO COMPLETO,SI,PROGRAMACION FRONT-END,21644
670,TERCIARIO COMPLETO,SI,PROGRAMACION FRONT-END,21644
671,UNIVERSITARIO INCOMPLETO,NO,PROGRAMACION FRONT-END,21644
672,SECUNDARIO COMPLETO,SI,PROGRAMACION FRONT-END,21644
673,UNIVERSITARIO INCOMPLETO,NO,PROGRAMACION FRONT-END,21644
674,UNIVERSITARIO INCOMPLETO,NO,PROGRAMACION FRONT-END,21644
675,SECUNDARIO COMPLETO,NO,PROGRAMACION FRONT-END,21644
676,SECUNDARIO COMPLETO,NO,PROGRAMACION FRONT-END,21644
677,UNIVERSITARIO INCOMPLETO,NO,PROGRAMACION FRONT-END,21644
678,UNIVERSITARIO INCOMPLETO,NO,PROGRAMACION FRONT-END,21644
679,SECUNDARIO COMPLETO,NO,PROGRAMACION FRONT-END,21644
680,SECUNDARIO COMPLETO,NO,PROGRAMACION FRONT-END,21644
681,SECUNDARIO COMPLETO,NO,PROGRAMACION FRONT-END,21644
682,UNIVERSITARIO INCOMPLETO,SI,PROGRAMACION FRONT-END,21644
683,SECUNDARIO COMPLETO,SI,PROGRAMACION FRONT-END,21644
684,TERCIARIO INCOMPLETO,NO,PROGRAMACION FRONT-END,21644
685,SECUNDARIO COMPLETO,SI,PROGRAMACION FRONT-END,21644
686,TERCIARIO COMPLETO,NO,PROGRAMACION FRONT-END,21644
687,UNIVERSITARIO INCOMPLETO,NO,PROGRAMACION FRONT-END,21644
688,SECUNDARIO COMPLETO,NO,PROGRAMACION FRONT-END,21644
689,SECUNDARIO INCOMPLETO,NO,PROGRAMACION FRONT-END,21644
690,OTRO,NO,PROGRAMACION FRONT-END,21644
691,SECUNDARIO COMPLETO,NO,PROGRAMACION FRONT-END,21644
692,SECUNDARIO COMPLETO,NO,PROGRAMACION FRONT-END,21644
693,UNIVERSITARIO INCOMPLETO,NO,PROGRAMACION FRONT-END,21644
694,TERCIARIO COMPLETO,NO,PROGRAMACION FRONT-END,21644
695,SECUNDARIO COMPLETO,NO,PROGRAMACION FRONT-END,21644
696,SECUNDARIO COMPLETO,NO,PROGRAMACION FRONT-END,21644
697,SECUNDARIO COMPLETO,NO,PROGRAMACION FRONT-END,21644
698,SECUNDARIO COMPLETO,NO,PROGRAMACION FRONT-END,21644
699,UNIVERSITARIO INCOMPLETO,NO,PROGRAMACION FRONT-END,21644
700,UNIVERSITARIO INCOMPLETO,NO,PROGRAMACION FRONT-END,21644
701,UNIVERSITARIO INCOMPLETO,SI,PROGRAMACION FRONT-END,21644
702,UNIVERSITARIO INCOMPLETO,NO,PROGRAMACION FRONT-END,21644
703,UNIVERSITARIO COMPLETO,SI,PROGRAMACION FRONT-END,21644
704,UNIVERSITARIO INCOMPLETO,SI,PROGRAMACION FRONT-END,21644
705,TERCIARIO INCOMPLETO,NO,PROGRAMACION FRONT-END,21644
706,UNIVERSITARIO INCOMPLETO,SI,PROGRAMACION FRONT-END,21644